Data,Último,ID,TIPO
10.07.2024,127.218,1,IBOVESPA
09.07.2024,127.108,2,IBOVESPA
08.07.2024,126.548,3,IBOVESPA
05.07.2024,126.267,4,IBOVESPA
04.07.2024,126.164,5,IBOVESPA
03.07.2024,125.662,6,IBOVESPA
02.07.2024,124.787,7,IBOVESPA
01.07.2024,124.718,8,IBOVESPA
28.06.2024,123.907,9,IBOVESPA
27.06.2024,124.308,10,IBOVESPA
26.06.2024,122.641,11,IBOVESPA
25.06.2024,122.331,12,IBOVESPA
24.06.2024,122.637,13,IBOVESPA
21.06.2024,121.341,14,IBOVESPA
20.06.2024,120.446,15,IBOVESPA
19.06.2024,120.261,16,IBOVESPA
18.06.2024,119.63,17,IBOVESPA
17.06.2024,119.138,18,IBOVESPA
14.06.2024,119.662,19,IBOVESPA
13.06.2024,119.568,20,IBOVESPA
12.06.2024,119.936,21,IBOVESPA
11.06.2024,121.635,22,IBOVESPA
10.06.2024,120.76,23,IBOVESPA
07.06.2024,120.767,24,IBOVESPA
06.06.2024,122.899,25,IBOVESPA
05.06.2024,121.407,26,IBOVESPA
04.06.2024,121.802,27,IBOVESPA
03.06.2024,122.032,28,IBOVESPA
31.05.2024,122.098,29,IBOVESPA
29.05.2024,122.707,30,IBOVESPA
28.05.2024,123.78,31,IBOVESPA
27.05.2024,124.496,32,IBOVESPA
24.05.2024,124.306,33,IBOVESPA
23.05.2024,124.729,34,IBOVESPA
22.05.2024,125.65,35,IBOVESPA
21.05.2024,127.412,36,IBOVESPA
20.05.2024,127.751,37,IBOVESPA
17.05.2024,128.151,38,IBOVESPA
16.05.2024,128.284,39,IBOVESPA
15.05.2024,128.028,40,IBOVESPA
14.05.2024,128.515,41,IBOVESPA
13.05.2024,128.155,42,IBOVESPA
10.05.2024,127.6,43,IBOVESPA
09.05.2024,128.188,44,IBOVESPA
08.05.2024,129.481,45,IBOVESPA
07.05.2024,129.21,46,IBOVESPA
06.05.2024,128.466,47,IBOVESPA
03.05.2024,128.509,48,IBOVESPA
02.05.2024,127.122,49,IBOVESPA
30.04.2024,125.924,50,IBOVESPA
29.04.2024,127.352,51,IBOVESPA
26.04.2024,126.526,52,IBOVESPA
25.04.2024,124.646,53,IBOVESPA
24.04.2024,124.741,54,IBOVESPA
23.04.2024,125.148,55,IBOVESPA
22.04.2024,125.573,56,IBOVESPA
19.04.2024,125.124,57,IBOVESPA
18.04.2024,124.196,58,IBOVESPA
17.04.2024,124.171,59,IBOVESPA
16.04.2024,124.389,60,IBOVESPA
15.04.2024,125.334,61,IBOVESPA
12.04.2024,125.946,62,IBOVESPA
11.04.2024,127.396,63,IBOVESPA
10.04.2024,128.054,64,IBOVESPA
09.04.2024,129.89,65,IBOVESPA
08.04.2024,128.857,66,IBOVESPA
05.04.2024,126.795,67,IBOVESPA
04.04.2024,127.428,68,IBOVESPA
03.04.2024,127.318,69,IBOVESPA
02.04.2024,127.549,70,IBOVESPA
01.04.2024,126.99,71,IBOVESPA
28.03.2024,128.106,72,IBOVESPA
27.03.2024,127.691,73,IBOVESPA
26.03.2024,126.863,74,IBOVESPA
25.03.2024,126.931,75,IBOVESPA
22.03.2024,127.027,76,IBOVESPA
21.03.2024,128.159,77,IBOVESPA
20.03.2024,129.125,78,IBOVESPA
19.03.2024,127.529,79,IBOVESPA
18.03.2024,126.954,80,IBOVESPA
15.03.2024,126.742,81,IBOVESPA
14.03.2024,127.69,82,IBOVESPA
13.03.2024,128.006,83,IBOVESPA
12.03.2024,127.668,84,IBOVESPA
11.03.2024,126.124,85,IBOVESPA
08.03.2024,127.071,86,IBOVESPA
07.03.2024,128.34,87,IBOVESPA
06.03.2024,128.89,88,IBOVESPA
05.03.2024,128.098,89,IBOVESPA
04.03.2024,128.341,90,IBOVESPA
01.03.2024,129.18,91,IBOVESPA
29.02.2024,129.02,92,IBOVESPA
28.02.2024,130.155,93,IBOVESPA
27.02.2024,131.689,94,IBOVESPA
26.02.2024,129.609,95,IBOVESPA
23.02.2024,129.419,96,IBOVESPA
22.02.2024,130.241,97,IBOVESPA
21.02.2024,130.032,98,IBOVESPA
20.02.2024,129.916,99,IBOVESPA
19.02.2024,129.036,100,IBOVESPA
16.02.2024,128.726,101,IBOVESPA
15.02.2024,127.804,102,IBOVESPA
14.02.2024,127.018,103,IBOVESPA
09.02.2024,128.026,104,IBOVESPA
08.02.2024,128.217,105,IBOVESPA
07.02.2024,129.95,106,IBOVESPA
06.02.2024,130.416,107,IBOVESPA
05.02.2024,127.593,108,IBOVESPA
02.02.2024,127.182,109,IBOVESPA
01.02.2024,128.481,110,IBOVESPA
31.01.2024,127.752,111,IBOVESPA
30.01.2024,127.402,112,IBOVESPA
29.01.2024,128.503,113,IBOVESPA
26.01.2024,128.967,114,IBOVESPA
25.01.2024,128.169,115,IBOVESPA
24.01.2024,127.816,116,IBOVESPA
23.01.2024,128.263,117,IBOVESPA
22.01.2024,126.602,118,IBOVESPA
19.01.2024,127.636,119,IBOVESPA
18.01.2024,127.316,120,IBOVESPA
17.01.2024,128.524,121,IBOVESPA
16.01.2024,129.294,122,IBOVESPA
15.01.2024,131.521,123,IBOVESPA
12.01.2024,130.988,124,IBOVESPA
11.01.2024,130.649,125,IBOVESPA
10.01.2024,130.841,126,IBOVESPA
09.01.2024,131.447,127,IBOVESPA
08.01.2024,132.427,128,IBOVESPA
05.01.2024,132.023,129,IBOVESPA
04.01.2024,131.226,130,IBOVESPA
03.01.2024,132.834,131,IBOVESPA
02.01.2024,132.697,132,IBOVESPA
28.12.2023,134.185,133,IBOVESPA
27.12.2023,134.194,134,IBOVESPA
26.12.2023,133.533,135,IBOVESPA
22.12.2023,132.753,136,IBOVESPA
21.12.2023,132.182,137,IBOVESPA
20.12.2023,130.804,138,IBOVESPA
19.12.2023,131.851,139,IBOVESPA
18.12.2023,131.084,140,IBOVESPA
15.12.2023,130.197,141,IBOVESPA
14.12.2023,130.842,142,IBOVESPA
13.12.2023,129.465,143,IBOVESPA
12.12.2023,126.403,144,IBOVESPA
11.12.2023,126.916,145,IBOVESPA
08.12.2023,127.094,146,IBOVESPA
07.12.2023,126.01,147,IBOVESPA
06.12.2023,125.623,148,IBOVESPA
05.12.2023,126.903,149,IBOVESPA
04.12.2023,126.803,150,IBOVESPA
01.12.2023,128.185,151,IBOVESPA
30.11.2023,127.331,152,IBOVESPA
29.11.2023,126.166,153,IBOVESPA
28.11.2023,126.538,154,IBOVESPA
27.11.2023,125.731,155,IBOVESPA
24.11.2023,125.517,156,IBOVESPA
23.11.2023,126.576,157,IBOVESPA
22.11.2023,126.035,158,IBOVESPA
21.11.2023,125.626,159,IBOVESPA
20.11.2023,125.957,160,IBOVESPA
17.11.2023,124.773,161,IBOVESPA
16.11.2023,124.639,162,IBOVESPA
14.11.2023,123.166,163,IBOVESPA
13.11.2023,120.41,164,IBOVESPA
10.11.2023,120.568,165,IBOVESPA
09.11.2023,119.034,166,IBOVESPA
08.11.2023,119.177,167,IBOVESPA
07.11.2023,119.268,168,IBOVESPA
06.11.2023,118.431,169,IBOVESPA
03.11.2023,118.16,170,IBOVESPA
01.11.2023,115.053,171,IBOVESPA
31.10.2023,113.144,172,IBOVESPA
30.10.2023,112.532,173,IBOVESPA
27.10.2023,113.301,174,IBOVESPA
26.10.2023,114.777,175,IBOVESPA
25.10.2023,112.83,176,IBOVESPA
24.10.2023,113.762,177,IBOVESPA
23.10.2023,112.785,178,IBOVESPA
20.10.2023,113.155,179,IBOVESPA
19.10.2023,114.004,180,IBOVESPA
18.10.2023,114.06,181,IBOVESPA
17.10.2023,115.908,182,IBOVESPA
16.10.2023,116.534,183,IBOVESPA
13.10.2023,115.754,184,IBOVESPA
11.10.2023,117.051,185,IBOVESPA
10.10.2023,116.737,186,IBOVESPA
09.10.2023,115.156,187,IBOVESPA
06.10.2023,114.17,188,IBOVESPA
05.10.2023,113.284,189,IBOVESPA
04.10.2023,113.607,190,IBOVESPA
03.10.2023,113.419,191,IBOVESPA
02.10.2023,115.057,192,IBOVESPA
29.09.2023,116.565,193,IBOVESPA
28.09.2023,115.731,194,IBOVESPA
27.09.2023,114.327,195,IBOVESPA
26.09.2023,114.193,196,IBOVESPA
25.09.2023,115.925,197,IBOVESPA
22.09.2023,116.009,198,IBOVESPA
21.09.2023,116.145,199,IBOVESPA
20.09.2023,118.695,200,IBOVESPA
19.09.2023,117.846,201,IBOVESPA
18.09.2023,118.288,202,IBOVESPA
15.09.2023,118.758,203,IBOVESPA
14.09.2023,119.392,204,IBOVESPA
13.09.2023,118.176,205,IBOVESPA
12.09.2023,117.968,206,IBOVESPA
11.09.2023,116.883,207,IBOVESPA
08.09.2023,115.313,208,IBOVESPA
06.09.2023,115.985,209,IBOVESPA
05.09.2023,117.331,210,IBOVESPA
04.09.2023,117.777,211,IBOVESPA
01.09.2023,117.893,212,IBOVESPA
31.08.2023,115.742,213,IBOVESPA
30.08.2023,117.535,214,IBOVESPA
29.08.2023,118.404,215,IBOVESPA
28.08.2023,117.121,216,IBOVESPA
25.08.2023,115.837,217,IBOVESPA
24.08.2023,117.026,218,IBOVESPA
23.08.2023,118.135,219,IBOVESPA
22.08.2023,116.156,220,IBOVESPA
21.08.2023,114.429,221,IBOVESPA
18.08.2023,115.409,222,IBOVESPA
17.08.2023,114.982,223,IBOVESPA
16.08.2023,115.592,224,IBOVESPA
15.08.2023,116.171,225,IBOVESPA
14.08.2023,116.81,226,IBOVESPA
11.08.2023,118.065,227,IBOVESPA
10.08.2023,118.35,228,IBOVESPA
09.08.2023,118.409,229,IBOVESPA
08.08.2023,119.09,230,IBOVESPA
07.08.2023,119.38,231,IBOVESPA
04.08.2023,119.508,232,IBOVESPA
03.08.2023,120.586,233,IBOVESPA
02.08.2023,120.859,234,IBOVESPA
01.08.2023,121.248,235,IBOVESPA
31.07.2023,121.943,236,IBOVESPA
28.07.2023,120.187,237,IBOVESPA
27.07.2023,119.99,238,IBOVESPA
26.07.2023,122.56,239,IBOVESPA
25.07.2023,122.008,240,IBOVESPA
24.07.2023,121.342,241,IBOVESPA
21.07.2023,120.217,242,IBOVESPA
20.07.2023,118.083,243,IBOVESPA
19.07.2023,117.552,244,IBOVESPA
18.07.2023,117.841,245,IBOVESPA
17.07.2023,118.219,246,IBOVESPA
14.07.2023,117.711,247,IBOVESPA
13.07.2023,119.264,248,IBOVESPA
12.07.2023,117.666,249,IBOVESPA
11.07.2023,117.556,250,IBOVESPA
10.07.2023,117.942,251,IBOVESPA
07.07.2023,118.898,252,IBOVESPA
06.07.2023,117.426,253,IBOVESPA
05.07.2023,119.549,254,IBOVESPA
04.07.2023,119.076,255,IBOVESPA
03.07.2023,119.673,256,IBOVESPA
30.06.2023,118.087,257,IBOVESPA
29.06.2023,118.383,258,IBOVESPA
28.06.2023,116.681,259,IBOVESPA
27.06.2023,117.523,260,IBOVESPA
26.06.2023,118.243,261,IBOVESPA
23.06.2023,118.977,262,IBOVESPA
22.06.2023,118.934,263,IBOVESPA
21.06.2023,120.42,264,IBOVESPA
20.06.2023,119.622,265,IBOVESPA
19.06.2023,119.858,266,IBOVESPA
16.06.2023,118.758,267,IBOVESPA
15.06.2023,119.221,268,IBOVESPA
14.06.2023,119.069,269,IBOVESPA
13.06.2023,116.743,270,IBOVESPA
12.06.2023,117.336,271,IBOVESPA
09.06.2023,117.019,272,IBOVESPA
07.06.2023,115.488,273,IBOVESPA
06.06.2023,114.61,274,IBOVESPA
05.06.2023,112.696,275,IBOVESPA
02.06.2023,112.558,276,IBOVESPA
01.06.2023,110.565,277,IBOVESPA
31.05.2023,108.335,278,IBOVESPA
30.05.2023,108.967,279,IBOVESPA
29.05.2023,110.333,280,IBOVESPA
26.05.2023,110.906,281,IBOVESPA
25.05.2023,110.054,282,IBOVESPA
24.05.2023,108.8,283,IBOVESPA
23.05.2023,109.929,284,IBOVESPA
22.05.2023,110.213,285,IBOVESPA
19.05.2023,110.745,286,IBOVESPA
18.05.2023,110.108,287,IBOVESPA
17.05.2023,109.46,288,IBOVESPA
16.05.2023,108.194,289,IBOVESPA
15.05.2023,109.029,290,IBOVESPA
12.05.2023,108.464,291,IBOVESPA
11.05.2023,108.256,292,IBOVESPA
10.05.2023,107.448,293,IBOVESPA
09.05.2023,107.114,294,IBOVESPA
08.05.2023,106.042,295,IBOVESPA
05.05.2023,105.148,296,IBOVESPA
04.05.2023,102.174,297,IBOVESPA
03.05.2023,101.797,298,IBOVESPA
02.05.2023,101.927,299,IBOVESPA
28.04.2023,104.432,300,IBOVESPA
27.04.2023,102.923,301,IBOVESPA
26.04.2023,102.312,302,IBOVESPA
25.04.2023,103.22,303,IBOVESPA
24.04.2023,103.947,304,IBOVESPA
20.04.2023,104.367,305,IBOVESPA
19.04.2023,103.913,306,IBOVESPA
18.04.2023,106.163,307,IBOVESPA
17.04.2023,106.016,308,IBOVESPA
14.04.2023,106.279,309,IBOVESPA
13.04.2023,106.458,310,IBOVESPA
12.04.2023,106.89,311,IBOVESPA
11.04.2023,106.214,312,IBOVESPA
10.04.2023,101.847,313,IBOVESPA
06.04.2023,100.822,314,IBOVESPA
05.04.2023,100.978,315,IBOVESPA
04.04.2023,101.869,316,IBOVESPA
03.04.2023,101.506,317,IBOVESPA
31.03.2023,101.882,318,IBOVESPA
30.03.2023,103.713,319,IBOVESPA
29.03.2023,101.793,320,IBOVESPA
28.03.2023,101.185,321,IBOVESPA
27.03.2023,99.67,322,IBOVESPA
24.03.2023,98.829,323,IBOVESPA
23.03.2023,97.926,324,IBOVESPA
22.03.2023,100.221,325,IBOVESPA
21.03.2023,100.998,326,IBOVESPA
20.03.2023,100.923,327,IBOVESPA
17.03.2023,101.982,328,IBOVESPA
16.03.2023,103.435,329,IBOVESPA
15.03.2023,102.675,330,IBOVESPA
14.03.2023,102.932,331,IBOVESPA
13.03.2023,103.121,332,IBOVESPA
10.03.2023,103.618,333,IBOVESPA
09.03.2023,105.071,334,IBOVESPA
08.03.2023,106.54,335,IBOVESPA
07.03.2023,104.228,336,IBOVESPA
06.03.2023,104.7,337,IBOVESPA
03.03.2023,103.866,338,IBOVESPA
02.03.2023,103.326,339,IBOVESPA
01.03.2023,104.385,340,IBOVESPA
28.02.2023,104.932,341,IBOVESPA
27.02.2023,105.711,342,IBOVESPA
24.02.2023,105.798,343,IBOVESPA
23.02.2023,107.593,344,IBOVESPA
22.02.2023,107.152,345,IBOVESPA
17.02.2023,109.177,346,IBOVESPA
16.02.2023,109.941,347,IBOVESPA
15.02.2023,109.6,348,IBOVESPA
14.02.2023,107.849,349,IBOVESPA
13.02.2023,108.836,350,IBOVESPA
10.02.2023,108.078,351,IBOVESPA
09.02.2023,108.008,352,IBOVESPA
08.02.2023,109.951,353,IBOVESPA
07.02.2023,107.83,354,IBOVESPA
06.02.2023,108.722,355,IBOVESPA
03.02.2023,108.523,356,IBOVESPA
02.02.2023,110.141,357,IBOVESPA
01.02.2023,112.074,358,IBOVESPA
31.01.2023,113.431,359,IBOVESPA
30.01.2023,112.273,360,IBOVESPA
27.01.2023,112.316,361,IBOVESPA
26.01.2023,114.178,362,IBOVESPA
25.01.2023,114.27,363,IBOVESPA
24.01.2023,113.028,364,IBOVESPA
23.01.2023,111.737,365,IBOVESPA
20.01.2023,112.041,366,IBOVESPA
19.01.2023,112.922,367,IBOVESPA
18.01.2023,112.228,368,IBOVESPA
17.01.2023,111.439,369,IBOVESPA
16.01.2023,109.213,370,IBOVESPA
13.01.2023,110.916,371,IBOVESPA
12.01.2023,111.85,372,IBOVESPA
11.01.2023,112.517,373,IBOVESPA
10.01.2023,110.817,374,IBOVESPA
09.01.2023,109.13,375,IBOVESPA
06.01.2023,108.964,376,IBOVESPA
05.01.2023,107.641,377,IBOVESPA
04.01.2023,105.334,378,IBOVESPA
03.01.2023,104.166,379,IBOVESPA
02.01.2023,106.376,380,IBOVESPA
29.12.2022,109.735,381,IBOVESPA
28.12.2022,110.237,382,IBOVESPA
27.12.2022,108.578,383,IBOVESPA
26.12.2022,108.738,384,IBOVESPA
23.12.2022,109.698,385,IBOVESPA
22.12.2022,107.552,386,IBOVESPA
21.12.2022,107.433,387,IBOVESPA
20.12.2022,106.864,388,IBOVESPA
19.12.2022,104.74,389,IBOVESPA
16.12.2022,102.856,390,IBOVESPA
15.12.2022,103.738,391,IBOVESPA
14.12.2022,103.746,392,IBOVESPA
13.12.2022,103.54,393,IBOVESPA
12.12.2022,105.343,394,IBOVESPA
09.12.2022,107.52,395,IBOVESPA
08.12.2022,107.249,396,IBOVESPA
07.12.2022,109.069,397,IBOVESPA
06.12.2022,110.189,398,IBOVESPA
05.12.2022,109.401,399,IBOVESPA
02.12.2022,111.924,400,IBOVESPA
01.12.2022,110.926,401,IBOVESPA
30.11.2022,112.486,402,IBOVESPA
29.11.2022,110.91,403,IBOVESPA
28.11.2022,108.782,404,IBOVESPA
25.11.2022,108.977,405,IBOVESPA
24.11.2022,111.831,406,IBOVESPA
23.11.2022,108.841,407,IBOVESPA
22.11.2022,109.037,408,IBOVESPA
21.11.2022,109.748,409,IBOVESPA
18.11.2022,108.87,410,IBOVESPA
17.11.2022,109.703,411,IBOVESPA
16.11.2022,110.243,412,IBOVESPA
14.11.2022,113.161,413,IBOVESPA
11.11.2022,112.253,414,IBOVESPA
10.11.2022,109.775,415,IBOVESPA
09.11.2022,113.58,416,IBOVESPA
08.11.2022,116.16,417,IBOVESPA
07.11.2022,115.342,418,IBOVESPA
04.11.2022,118.155,419,IBOVESPA
03.11.2022,116.896,420,IBOVESPA
01.11.2022,116.929,421,IBOVESPA
31.10.2022,116.037,422,IBOVESPA
28.10.2022,114.539,423,IBOVESPA
27.10.2022,114.641,424,IBOVESPA
26.10.2022,112.764,425,IBOVESPA
25.10.2022,114.626,426,IBOVESPA
24.10.2022,116.013,427,IBOVESPA
21.10.2022,119.929,428,IBOVESPA
20.10.2022,117.171,429,IBOVESPA
19.10.2022,116.274,430,IBOVESPA
18.10.2022,115.743,431,IBOVESPA
17.10.2022,113.624,432,IBOVESPA
14.10.2022,112.072,433,IBOVESPA
13.10.2022,114.3,434,IBOVESPA
11.10.2022,114.827,435,IBOVESPA
10.10.2022,115.941,436,IBOVESPA
07.10.2022,116.375,437,IBOVESPA
06.10.2022,117.561,438,IBOVESPA
05.10.2022,117.198,439,IBOVESPA
04.10.2022,116.23,440,IBOVESPA
03.10.2022,116.134,441,IBOVESPA
30.09.2022,110.037,442,IBOVESPA
29.09.2022,107.664,443,IBOVESPA
28.09.2022,108.451,444,IBOVESPA
27.09.2022,108.376,445,IBOVESPA
26.09.2022,109.114,446,IBOVESPA
23.09.2022,111.716,447,IBOVESPA
22.09.2022,114.07,448,IBOVESPA
21.09.2022,111.936,449,IBOVESPA
20.09.2022,112.517,450,IBOVESPA
19.09.2022,111.824,451,IBOVESPA
16.09.2022,109.28,452,IBOVESPA
15.09.2022,109.954,453,IBOVESPA
14.09.2022,110.547,454,IBOVESPA
13.09.2022,110.794,455,IBOVESPA
12.09.2022,113.407,456,IBOVESPA
09.09.2022,112.3,457,IBOVESPA
08.09.2022,109.916,458,IBOVESPA
06.09.2022,109.764,459,IBOVESPA
05.09.2022,112.203,460,IBOVESPA
02.09.2022,110.864,461,IBOVESPA
01.09.2022,110.405,462,IBOVESPA
31.08.2022,109.523,463,IBOVESPA
30.08.2022,110.431,464,IBOVESPA
29.08.2022,112.323,465,IBOVESPA
26.08.2022,112.299,466,IBOVESPA
25.08.2022,113.532,467,IBOVESPA
24.08.2022,112.898,468,IBOVESPA
23.08.2022,112.857,469,IBOVESPA
22.08.2022,110.501,470,IBOVESPA
19.08.2022,111.496,471,IBOVESPA
18.08.2022,113.813,472,IBOVESPA
17.08.2022,113.708,473,IBOVESPA
16.08.2022,113.512,474,IBOVESPA
15.08.2022,113.032,475,IBOVESPA
12.08.2022,112.764,476,IBOVESPA
11.08.2022,109.718,477,IBOVESPA
10.08.2022,110.236,478,IBOVESPA
09.08.2022,108.651,479,IBOVESPA
08.08.2022,108.402,480,IBOVESPA
05.08.2022,106.472,481,IBOVESPA
04.08.2022,105.892,482,IBOVESPA
03.08.2022,103.775,483,IBOVESPA
02.08.2022,103.362,484,IBOVESPA
01.08.2022,102.225,485,IBOVESPA
29.07.2022,103.165,486,IBOVESPA
28.07.2022,102.597,487,IBOVESPA
27.07.2022,101.438,488,IBOVESPA
26.07.2022,99.772,489,IBOVESPA
25.07.2022,100.27,490,IBOVESPA
22.07.2022,98.925,491,IBOVESPA
21.07.2022,99.033,492,IBOVESPA
20.07.2022,98.287,493,IBOVESPA
19.07.2022,98.245,494,IBOVESPA
18.07.2022,96.916,495,IBOVESPA
15.07.2022,96.551,496,IBOVESPA
14.07.2022,96.121,497,IBOVESPA
13.07.2022,97.881,498,IBOVESPA
12.07.2022,98.271,499,IBOVESPA
11.07.2022,98.212,500,IBOVESPA
08.07.2022,100.289,501,IBOVESPA
07.07.2022,100.73,502,IBOVESPA
06.07.2022,98.719,503,IBOVESPA
05.07.2022,98.295,504,IBOVESPA
04.07.2022,98.609,505,IBOVESPA
01.07.2022,98.954,506,IBOVESPA
30.06.2022,98.542,507,IBOVESPA
29.06.2022,99.622,508,IBOVESPA
28.06.2022,100.591,509,IBOVESPA
27.06.2022,100.764,510,IBOVESPA
24.06.2022,98.672,511,IBOVESPA
23.06.2022,98.08,512,IBOVESPA
22.06.2022,99.522,513,IBOVESPA
21.06.2022,99.685,514,IBOVESPA
20.06.2022,99.853,515,IBOVESPA
17.06.2022,99.825,516,IBOVESPA
15.06.2022,102.807,517,IBOVESPA
14.06.2022,102.063,518,IBOVESPA
13.06.2022,102.598,519,IBOVESPA
10.06.2022,105.481,520,IBOVESPA
09.06.2022,107.094,521,IBOVESPA
08.06.2022,108.368,522,IBOVESPA
07.06.2022,110.07,523,IBOVESPA
06.06.2022,110.186,524,IBOVESPA
03.06.2022,111.102,525,IBOVESPA
02.06.2022,112.393,526,IBOVESPA
01.06.2022,111.36,527,IBOVESPA
31.05.2022,111.351,528,IBOVESPA
30.05.2022,111.032,529,IBOVESPA
27.05.2022,111.942,530,IBOVESPA
26.05.2022,111.89,531,IBOVESPA
25.05.2022,110.58,532,IBOVESPA
24.05.2022,110.581,533,IBOVESPA
23.05.2022,110.346,534,IBOVESPA
20.05.2022,108.488,535,IBOVESPA
19.05.2022,107.005,536,IBOVESPA
18.05.2022,106.247,537,IBOVESPA
17.05.2022,108.789,538,IBOVESPA
16.05.2022,108.233,539,IBOVESPA
13.05.2022,106.924,540,IBOVESPA
12.05.2022,105.688,541,IBOVESPA
11.05.2022,104.397,542,IBOVESPA
10.05.2022,103.11,543,IBOVESPA
09.05.2022,103.25,544,IBOVESPA
06.05.2022,105.135,545,IBOVESPA
05.05.2022,105.304,546,IBOVESPA
04.05.2022,108.344,547,IBOVESPA
03.05.2022,106.528,548,IBOVESPA
02.05.2022,106.639,549,IBOVESPA
29.04.2022,107.876,550,IBOVESPA
28.04.2022,109.919,551,IBOVESPA
27.04.2022,109.349,552,IBOVESPA
26.04.2022,108.213,553,IBOVESPA
25.04.2022,110.685,554,IBOVESPA
22.04.2022,111.078,555,IBOVESPA
20.04.2022,114.344,556,IBOVESPA
19.04.2022,115.057,557,IBOVESPA
18.04.2022,115.687,558,IBOVESPA
14.04.2022,116.182,559,IBOVESPA
13.04.2022,116.782,560,IBOVESPA
12.04.2022,116.147,561,IBOVESPA
11.04.2022,116.953,562,IBOVESPA
08.04.2022,118.322,563,IBOVESPA
07.04.2022,118.862,564,IBOVESPA
06.04.2022,118.228,565,IBOVESPA
05.04.2022,118.885,566,IBOVESPA
04.04.2022,121.28,567,IBOVESPA
01.04.2022,121.57,568,IBOVESPA
31.03.2022,119.999,569,IBOVESPA
30.03.2022,120.26,570,IBOVESPA
29.03.2022,120.014,571,IBOVESPA
28.03.2022,118.738,572,IBOVESPA
25.03.2022,119.081,573,IBOVESPA
24.03.2022,119.053,574,IBOVESPA
23.03.2022,117.457,575,IBOVESPA
22.03.2022,117.272,576,IBOVESPA
21.03.2022,116.155,577,IBOVESPA
18.03.2022,115.311,578,IBOVESPA
17.03.2022,113.076,579,IBOVESPA
16.03.2022,111.112,580,IBOVESPA
15.03.2022,108.959,581,IBOVESPA
14.03.2022,109.928,582,IBOVESPA
11.03.2022,111.713,583,IBOVESPA
10.03.2022,113.663,584,IBOVESPA
09.03.2022,113.9,585,IBOVESPA
08.03.2022,111.203,586,IBOVESPA
07.03.2022,111.593,587,IBOVESPA
04.03.2022,114.474,588,IBOVESPA
03.03.2022,115.166,589,IBOVESPA
02.03.2022,115.174,590,IBOVESPA
25.02.2022,113.142,591,IBOVESPA
24.02.2022,111.592,592,IBOVESPA
23.02.2022,112.008,593,IBOVESPA
22.02.2022,112.892,594,IBOVESPA
21.02.2022,111.725,595,IBOVESPA
18.02.2022,112.88,596,IBOVESPA
17.02.2022,113.528,597,IBOVESPA
16.02.2022,115.181,598,IBOVESPA
15.02.2022,114.828,599,IBOVESPA
14.02.2022,113.899,600,IBOVESPA
11.02.2022,113.572,601,IBOVESPA
10.02.2022,113.368,602,IBOVESPA
09.02.2022,112.461,603,IBOVESPA
08.02.2022,112.234,604,IBOVESPA
07.02.2022,111.996,605,IBOVESPA
04.02.2022,112.245,606,IBOVESPA
03.02.2022,111.696,607,IBOVESPA
02.02.2022,111.894,608,IBOVESPA
01.02.2022,113.228,609,IBOVESPA
31.01.2022,112.144,610,IBOVESPA
28.01.2022,111.91,611,IBOVESPA
27.01.2022,112.612,612,IBOVESPA
26.01.2022,111.289,613,IBOVESPA
25.01.2022,110.204,614,IBOVESPA
24.01.2022,107.937,615,IBOVESPA
21.01.2022,108.942,616,IBOVESPA
20.01.2022,109.102,617,IBOVESPA
19.01.2022,108.013,618,IBOVESPA
18.01.2022,106.668,619,IBOVESPA
17.01.2022,106.374,620,IBOVESPA
14.01.2022,106.928,621,IBOVESPA
13.01.2022,105.53,622,IBOVESPA
12.01.2022,105.686,623,IBOVESPA
11.01.2022,103.779,624,IBOVESPA
10.01.2022,101.945,625,IBOVESPA
07.01.2022,102.719,626,IBOVESPA
06.01.2022,101.561,627,IBOVESPA
05.01.2022,101.006,628,IBOVESPA
04.01.2022,103.514,629,IBOVESPA
03.01.2022,103.922,630,IBOVESPA
30.12.2021,104.822,631,IBOVESPA
29.12.2021,104.107,632,IBOVESPA
28.12.2021,104.864,633,IBOVESPA
27.12.2021,105.554,634,IBOVESPA
23.12.2021,104.891,635,IBOVESPA
22.12.2021,105.244,636,IBOVESPA
21.12.2021,105.5,637,IBOVESPA
20.12.2021,105.02,638,IBOVESPA
17.12.2021,107.201,639,IBOVESPA
16.12.2021,108.326,640,IBOVESPA
15.12.2021,107.431,641,IBOVESPA
14.12.2021,106.76,642,IBOVESPA
13.12.2021,107.383,643,IBOVESPA
10.12.2021,107.758,644,IBOVESPA
09.12.2021,106.291,645,IBOVESPA
08.12.2021,108.096,646,IBOVESPA
07.12.2021,107.558,647,IBOVESPA
06.12.2021,106.859,648,IBOVESPA
03.12.2021,105.07,649,IBOVESPA
02.12.2021,104.466,650,IBOVESPA
01.12.2021,100.775,651,IBOVESPA
30.11.2021,101.915,652,IBOVESPA
29.11.2021,102.814,653,IBOVESPA
26.11.2021,102.224,654,IBOVESPA
25.11.2021,105.811,655,IBOVESPA
24.11.2021,104.514,656,IBOVESPA
23.11.2021,103.654,657,IBOVESPA
22.11.2021,102.122,658,IBOVESPA
19.11.2021,103.035,659,IBOVESPA
18.11.2021,102.426,660,IBOVESPA
17.11.2021,102.948,661,IBOVESPA
16.11.2021,104.404,662,IBOVESPA
12.11.2021,106.335,663,IBOVESPA
11.11.2021,107.595,664,IBOVESPA
10.11.2021,105.968,665,IBOVESPA
09.11.2021,105.535,666,IBOVESPA
08.11.2021,104.781,667,IBOVESPA
05.11.2021,104.824,668,IBOVESPA
04.11.2021,103.412,669,IBOVESPA
03.11.2021,105.617,670,IBOVESPA
01.11.2021,105.551,671,IBOVESPA
29.10.2021,103.501,672,IBOVESPA
28.10.2021,105.705,673,IBOVESPA
27.10.2021,106.363,674,IBOVESPA
26.10.2021,106.42,675,IBOVESPA
25.10.2021,108.715,676,IBOVESPA
22.10.2021,106.296,677,IBOVESPA
21.10.2021,107.735,678,IBOVESPA
20.10.2021,110.786,679,IBOVESPA
19.10.2021,110.673,680,IBOVESPA
18.10.2021,114.428,681,IBOVESPA
15.10.2021,114.648,682,IBOVESPA
14.10.2021,113.185,683,IBOVESPA
13.10.2021,113.456,684,IBOVESPA
11.10.2021,112.18,685,IBOVESPA
08.10.2021,112.833,686,IBOVESPA
07.10.2021,110.585,687,IBOVESPA
06.10.2021,110.56,688,IBOVESPA
05.10.2021,110.458,689,IBOVESPA
04.10.2021,110.393,690,IBOVESPA
01.10.2021,112.9,691,IBOVESPA
30.09.2021,110.979,692,IBOVESPA
29.09.2021,111.107,693,IBOVESPA
28.09.2021,110.124,694,IBOVESPA
27.09.2021,113.583,695,IBOVESPA
24.09.2021,113.283,696,IBOVESPA
23.09.2021,114.064,697,IBOVESPA
22.09.2021,112.282,698,IBOVESPA
21.09.2021,110.25,699,IBOVESPA
20.09.2021,108.844,700,IBOVESPA
17.09.2021,111.439,701,IBOVESPA
16.09.2021,113.794,702,IBOVESPA
15.09.2021,115.063,703,IBOVESPA
14.09.2021,116.181,704,IBOVESPA
13.09.2021,116.404,705,IBOVESPA
10.09.2021,114.286,706,IBOVESPA
09.09.2021,115.361,707,IBOVESPA
08.09.2021,113.413,708,IBOVESPA
06.09.2021,117.869,709,IBOVESPA
03.09.2021,116.933,710,IBOVESPA
02.09.2021,116.677,711,IBOVESPA
01.09.2021,119.396,712,IBOVESPA
31.08.2021,118.781,713,IBOVESPA
30.08.2021,119.74,714,IBOVESPA
27.08.2021,120.678,715,IBOVESPA
26.08.2021,118.724,716,IBOVESPA
25.08.2021,120.818,717,IBOVESPA
24.08.2021,120.211,718,IBOVESPA
23.08.2021,117.472,719,IBOVESPA
20.08.2021,118.053,720,IBOVESPA
19.08.2021,117.165,721,IBOVESPA
18.08.2021,116.643,722,IBOVESPA
17.08.2021,117.904,723,IBOVESPA
16.08.2021,119.18,724,IBOVESPA
13.08.2021,121.194,725,IBOVESPA
12.08.2021,120.701,726,IBOVESPA
11.08.2021,122.056,727,IBOVESPA
10.08.2021,122.202,728,IBOVESPA
09.08.2021,123.019,729,IBOVESPA
06.08.2021,122.81,730,IBOVESPA
05.08.2021,121.633,731,IBOVESPA
04.08.2021,121.801,732,IBOVESPA
03.08.2021,123.577,733,IBOVESPA
02.08.2021,122.516,734,IBOVESPA
30.07.2021,121.801,735,IBOVESPA
29.07.2021,125.675,736,IBOVESPA
28.07.2021,126.286,737,IBOVESPA
27.07.2021,124.612,738,IBOVESPA
26.07.2021,126.004,739,IBOVESPA
23.07.2021,125.053,740,IBOVESPA
22.07.2021,126.147,741,IBOVESPA
21.07.2021,125.929,742,IBOVESPA
20.07.2021,125.401,743,IBOVESPA
19.07.2021,124.395,744,IBOVESPA
16.07.2021,125.96,745,IBOVESPA
15.07.2021,127.468,746,IBOVESPA
14.07.2021,128.407,747,IBOVESPA
13.07.2021,128.168,748,IBOVESPA
12.07.2021,127.594,749,IBOVESPA
08.07.2021,125.428,750,IBOVESPA
07.07.2021,127.019,751,IBOVESPA
06.07.2021,125.095,752,IBOVESPA
05.07.2021,126.92,753,IBOVESPA
02.07.2021,127.622,754,IBOVESPA
01.07.2021,125.666,755,IBOVESPA
30.06.2021,126.802,756,IBOVESPA
29.06.2021,127.327,757,IBOVESPA
28.06.2021,127.429,758,IBOVESPA
25.06.2021,127.256,759,IBOVESPA
24.06.2021,129.514,760,IBOVESPA
23.06.2021,128.428,761,IBOVESPA
22.06.2021,128.767,762,IBOVESPA
21.06.2021,129.265,763,IBOVESPA
18.06.2021,128.405,764,IBOVESPA
17.06.2021,128.057,765,IBOVESPA
16.06.2021,129.259,766,IBOVESPA
15.06.2021,130.091,767,IBOVESPA
14.06.2021,130.208,768,IBOVESPA
11.06.2021,129.441,769,IBOVESPA
10.06.2021,130.076,770,IBOVESPA
09.06.2021,129.907,771,IBOVESPA
08.06.2021,129.787,772,IBOVESPA
07.06.2021,130.776,773,IBOVESPA
04.06.2021,130.126,774,IBOVESPA
02.06.2021,129.601,775,IBOVESPA
01.06.2021,128.267,776,IBOVESPA
31.05.2021,126.216,777,IBOVESPA
28.05.2021,125.561,778,IBOVESPA
27.05.2021,124.367,779,IBOVESPA
26.05.2021,123.989,780,IBOVESPA
25.05.2021,122.988,781,IBOVESPA
24.05.2021,124.032,782,IBOVESPA
21.05.2021,122.592,783,IBOVESPA
20.05.2021,122.701,784,IBOVESPA
19.05.2021,122.636,785,IBOVESPA
18.05.2021,122.98,786,IBOVESPA
17.05.2021,122.938,787,IBOVESPA
14.05.2021,121.881,788,IBOVESPA
13.05.2021,120.706,789,IBOVESPA
12.05.2021,119.71,790,IBOVESPA
11.05.2021,122.964,791,IBOVESPA
10.05.2021,121.909,792,IBOVESPA
07.05.2021,122.038,793,IBOVESPA
06.05.2021,119.921,794,IBOVESPA
05.05.2021,119.564,795,IBOVESPA
04.05.2021,117.712,796,IBOVESPA
03.05.2021,119.209,797,IBOVESPA
30.04.2021,118.894,798,IBOVESPA
29.04.2021,120.066,799,IBOVESPA
28.04.2021,121.053,800,IBOVESPA
27.04.2021,119.388,801,IBOVESPA
26.04.2021,120.595,802,IBOVESPA
23.04.2021,120.53,803,IBOVESPA
22.04.2021,119.371,804,IBOVESPA
20.04.2021,120.062,805,IBOVESPA
19.04.2021,120.934,806,IBOVESPA
16.04.2021,121.114,807,IBOVESPA
15.04.2021,120.701,808,IBOVESPA
14.04.2021,120.295,809,IBOVESPA
13.04.2021,119.297,810,IBOVESPA
12.04.2021,118.812,811,IBOVESPA
09.04.2021,117.67,812,IBOVESPA
08.04.2021,118.313,813,IBOVESPA
07.04.2021,117.624,814,IBOVESPA
06.04.2021,117.499,815,IBOVESPA
05.04.2021,117.518,816,IBOVESPA
01.04.2021,115.253,817,IBOVESPA
31.03.2021,116.634,818,IBOVESPA
30.03.2021,116.85,819,IBOVESPA
29.03.2021,115.419,820,IBOVESPA
26.03.2021,114.781,821,IBOVESPA
25.03.2021,113.75,822,IBOVESPA
24.03.2021,112.064,823,IBOVESPA
23.03.2021,113.262,824,IBOVESPA
22.03.2021,114.979,825,IBOVESPA
19.03.2021,116.222,826,IBOVESPA
18.03.2021,114.835,827,IBOVESPA
17.03.2021,116.549,828,IBOVESPA
16.03.2021,114.019,829,IBOVESPA
15.03.2021,114.851,830,IBOVESPA
12.03.2021,114.16,831,IBOVESPA
11.03.2021,114.984,832,IBOVESPA
10.03.2021,112.776,833,IBOVESPA
09.03.2021,111.331,834,IBOVESPA
08.03.2021,110.612,835,IBOVESPA
05.03.2021,115.202,836,IBOVESPA
04.03.2021,112.69,837,IBOVESPA
03.03.2021,111.184,838,IBOVESPA
02.03.2021,111.54,839,IBOVESPA
01.03.2021,110.335,840,IBOVESPA
26.02.2021,110.035,841,IBOVESPA
25.02.2021,112.256,842,IBOVESPA
24.02.2021,115.668,843,IBOVESPA
23.02.2021,115.227,844,IBOVESPA
22.02.2021,112.668,845,IBOVESPA
19.02.2021,118.431,846,IBOVESPA
18.02.2021,119.199,847,IBOVESPA
17.02.2021,120.356,848,IBOVESPA
12.02.2021,119.429,849,IBOVESPA
11.02.2021,119.3,850,IBOVESPA
10.02.2021,118.435,851,IBOVESPA
09.02.2021,119.472,852,IBOVESPA
08.02.2021,119.696,853,IBOVESPA
05.02.2021,120.24,854,IBOVESPA
04.02.2021,119.261,855,IBOVESPA
03.02.2021,119.725,856,IBOVESPA
02.02.2021,118.234,857,IBOVESPA
01.02.2021,117.518,858,IBOVESPA
29.01.2021,115.068,859,IBOVESPA
28.01.2021,118.883,860,IBOVESPA
27.01.2021,115.882,861,IBOVESPA
26.01.2021,116.464,862,IBOVESPA
22.01.2021,117.38,863,IBOVESPA
21.01.2021,118.329,864,IBOVESPA
20.01.2021,119.646,865,IBOVESPA
19.01.2021,120.636,866,IBOVESPA
18.01.2021,121.242,867,IBOVESPA
15.01.2021,120.349,868,IBOVESPA
14.01.2021,123.481,869,IBOVESPA
13.01.2021,121.933,870,IBOVESPA
12.01.2021,123.998,871,IBOVESPA
11.01.2021,123.255,872,IBOVESPA
08.01.2021,125.077,873,IBOVESPA
07.01.2021,122.386,874,IBOVESPA
06.01.2021,119.1,875,IBOVESPA
05.01.2021,119.376,876,IBOVESPA
04.01.2021,118.855,877,IBOVESPA
30.12.2020,119.017,878,IBOVESPA
29.12.2020,119.409,879,IBOVESPA
28.12.2020,119.124,880,IBOVESPA
23.12.2020,117.807,881,IBOVESPA
22.12.2020,116.636,882,IBOVESPA
21.12.2020,115.823,883,IBOVESPA
18.12.2020,118.024,884,IBOVESPA
17.12.2020,118.401,885,IBOVESPA
16.12.2020,117.857,886,IBOVESPA
15.12.2020,116.149,887,IBOVESPA
14.12.2020,114.611,888,IBOVESPA
11.12.2020,115.128,889,IBOVESPA
10.12.2020,115.129,890,IBOVESPA
09.12.2020,113.001,891,IBOVESPA
08.12.2020,113.793,892,IBOVESPA
07.12.2020,113.59,893,IBOVESPA
04.12.2020,113.75,894,IBOVESPA
03.12.2020,112.292,895,IBOVESPA
02.12.2020,111.879,896,IBOVESPA
01.12.2020,111.4,897,IBOVESPA
30.11.2020,108.893,898,IBOVESPA
27.11.2020,110.575,899,IBOVESPA
26.11.2020,110.227,900,IBOVESPA
25.11.2020,110.133,901,IBOVESPA
24.11.2020,109.786,902,IBOVESPA
23.11.2020,107.379,903,IBOVESPA
20.11.2020,106.042,904,IBOVESPA
19.11.2020,106.67,905,IBOVESPA
18.11.2020,106.119,906,IBOVESPA
17.11.2020,107.249,907,IBOVESPA
16.11.2020,106.43,908,IBOVESPA
13.11.2020,104.723,909,IBOVESPA
12.11.2020,102.507,910,IBOVESPA
11.11.2020,104.809,911,IBOVESPA
10.11.2020,105.067,912,IBOVESPA
09.11.2020,103.515,913,IBOVESPA
06.11.2020,100.925,914,IBOVESPA
05.11.2020,100.751,915,IBOVESPA
04.11.2020,97.867,916,IBOVESPA
03.11.2020,95.98,917,IBOVESPA
30.10.2020,93.952,918,IBOVESPA
29.10.2020,96.582,919,IBOVESPA
28.10.2020,95.369,920,IBOVESPA
27.10.2020,99.606,921,IBOVESPA
26.10.2020,101.017,922,IBOVESPA
23.10.2020,101.26,923,IBOVESPA
22.10.2020,101.918,924,IBOVESPA
21.10.2020,100.552,925,IBOVESPA
20.10.2020,100.54,926,IBOVESPA
19.10.2020,98.658,927,IBOVESPA
16.10.2020,98.309,928,IBOVESPA
15.10.2020,99.054,929,IBOVESPA
14.10.2020,99.334,930,IBOVESPA
13.10.2020,98.503,931,IBOVESPA
09.10.2020,97.483,932,IBOVESPA
08.10.2020,97.92,933,IBOVESPA
07.10.2020,95.526,934,IBOVESPA
06.10.2020,95.615,935,IBOVESPA
05.10.2020,96.089,936,IBOVESPA
02.10.2020,94.016,937,IBOVESPA
01.10.2020,95.479,938,IBOVESPA
30.09.2020,94.603,939,IBOVESPA
29.09.2020,93.58,940,IBOVESPA
28.09.2020,94.666,941,IBOVESPA
25.09.2020,96.999,942,IBOVESPA
24.09.2020,97.012,943,IBOVESPA
23.09.2020,95.735,944,IBOVESPA
22.09.2020,97.294,945,IBOVESPA
21.09.2020,96.991,946,IBOVESPA
18.09.2020,98.29,947,IBOVESPA
17.09.2020,100.098,948,IBOVESPA
16.09.2020,99.676,949,IBOVESPA
15.09.2020,100.298,950,IBOVESPA
14.09.2020,100.275,951,IBOVESPA
11.09.2020,98.363,952,IBOVESPA
10.09.2020,98.835,953,IBOVESPA
09.09.2020,101.292,954,IBOVESPA
08.09.2020,100.05,955,IBOVESPA
04.09.2020,101.242,956,IBOVESPA
03.09.2020,100.721,957,IBOVESPA
02.09.2020,101.911,958,IBOVESPA
01.09.2020,102.168,959,IBOVESPA
31.08.2020,99.369,960,IBOVESPA
28.08.2020,102.143,961,IBOVESPA
27.08.2020,100.624,962,IBOVESPA
26.08.2020,100.627,963,IBOVESPA
25.08.2020,102.118,964,IBOVESPA
24.08.2020,102.298,965,IBOVESPA
21.08.2020,101.521,966,IBOVESPA
20.08.2020,101.468,967,IBOVESPA
19.08.2020,100.854,968,IBOVESPA
18.08.2020,102.065,969,IBOVESPA
17.08.2020,99.595,970,IBOVESPA
14.08.2020,101.353,971,IBOVESPA
13.08.2020,100.461,972,IBOVESPA
12.08.2020,102.118,973,IBOVESPA
11.08.2020,102.174,974,IBOVESPA
10.08.2020,103.444,975,IBOVESPA
07.08.2020,102.776,976,IBOVESPA
06.08.2020,104.126,977,IBOVESPA
05.08.2020,102.802,978,IBOVESPA
04.08.2020,101.216,979,IBOVESPA
03.08.2020,102.83,980,IBOVESPA
31.07.2020,102.912,981,IBOVESPA
30.07.2020,105.009,982,IBOVESPA
29.07.2020,105.605,983,IBOVESPA
28.07.2020,104.109,984,IBOVESPA
27.07.2020,104.477,985,IBOVESPA
24.07.2020,102.382,986,IBOVESPA
23.07.2020,102.293,987,IBOVESPA
22.07.2020,104.29,988,IBOVESPA
21.07.2020,104.31,989,IBOVESPA
20.07.2020,104.426,990,IBOVESPA
17.07.2020,102.888,991,IBOVESPA
16.07.2020,100.553,992,IBOVESPA
15.07.2020,101.791,993,IBOVESPA
14.07.2020,100.44,994,IBOVESPA
13.07.2020,98.697,995,IBOVESPA
10.07.2020,100.032,996,IBOVESPA
09.07.2020,99.16,997,IBOVESPA
08.07.2020,99.77,998,IBOVESPA
07.07.2020,97.761,999,IBOVESPA
06.07.2020,98.937,1000,IBOVESPA
03.07.2020,96.765,1001,IBOVESPA
02.07.2020,96.235,1002,IBOVESPA
01.07.2020,96.203,1003,IBOVESPA
30.06.2020,95.056,1004,IBOVESPA
29.06.2020,95.735,1005,IBOVESPA
26.06.2020,93.834,1006,IBOVESPA
25.06.2020,95.983,1007,IBOVESPA
24.06.2020,94.377,1008,IBOVESPA
23.06.2020,95.975,1009,IBOVESPA
22.06.2020,95.336,1010,IBOVESPA
19.06.2020,96.572,1011,IBOVESPA
18.06.2020,96.125,1012,IBOVESPA
17.06.2020,95.547,1013,IBOVESPA
16.06.2020,93.531,1014,IBOVESPA
15.06.2020,92.376,1015,IBOVESPA
12.06.2020,92.795,1016,IBOVESPA
10.06.2020,94.686,1017,IBOVESPA
09.06.2020,96.747,1018,IBOVESPA
08.06.2020,97.645,1019,IBOVESPA
05.06.2020,94.637,1020,IBOVESPA
04.06.2020,93.829,1021,IBOVESPA
03.06.2020,93.002,1022,IBOVESPA
02.06.2020,91.046,1023,IBOVESPA
01.06.2020,88.62,1024,IBOVESPA
29.05.2020,87.403,1025,IBOVESPA
28.05.2020,86.949,1026,IBOVESPA
27.05.2020,87.946,1027,IBOVESPA
26.05.2020,85.469,1028,IBOVESPA
25.05.2020,85.663,1029,IBOVESPA
22.05.2020,82.173,1030,IBOVESPA
21.05.2020,83.027,1031,IBOVESPA
20.05.2020,81.319,1032,IBOVESPA
19.05.2020,80.742,1033,IBOVESPA
18.05.2020,81.194,1034,IBOVESPA
15.05.2020,77.557,1035,IBOVESPA
14.05.2020,79.011,1036,IBOVESPA
13.05.2020,77.772,1037,IBOVESPA
12.05.2020,77.872,1038,IBOVESPA
11.05.2020,79.065,1039,IBOVESPA
08.05.2020,80.263,1040,IBOVESPA
07.05.2020,78.119,1041,IBOVESPA
06.05.2020,79.064,1042,IBOVESPA
05.05.2020,79.471,1043,IBOVESPA
04.05.2020,78.876,1044,IBOVESPA
30.04.2020,80.506,1045,IBOVESPA
29.04.2020,83.171,1046,IBOVESPA
28.04.2020,81.312,1047,IBOVESPA
27.04.2020,78.239,1048,IBOVESPA
24.04.2020,75.331,1049,IBOVESPA
23.04.2020,79.673,1050,IBOVESPA
22.04.2020,80.687,1051,IBOVESPA
20.04.2020,78.973,1052,IBOVESPA
17.04.2020,78.99,1053,IBOVESPA
16.04.2020,77.812,1054,IBOVESPA
15.04.2020,78.831,1055,IBOVESPA
14.04.2020,79.918,1056,IBOVESPA
13.04.2020,78.836,1057,IBOVESPA
09.04.2020,77.682,1058,IBOVESPA
08.04.2020,78.625,1059,IBOVESPA
07.04.2020,76.358,1060,IBOVESPA
06.04.2020,74.073,1061,IBOVESPA
03.04.2020,69.538,1062,IBOVESPA
02.04.2020,72.253,1063,IBOVESPA
01.04.2020,70.967,1064,IBOVESPA
31.03.2020,73.02,1065,IBOVESPA
30.03.2020,74.639,1066,IBOVESPA
27.03.2020,73.429,1067,IBOVESPA
26.03.2020,77.71,1068,IBOVESPA
25.03.2020,74.956,1069,IBOVESPA
24.03.2020,69.729,1070,IBOVESPA
23.03.2020,63.57,1071,IBOVESPA
20.03.2020,67.069,1072,IBOVESPA
19.03.2020,68.332,1073,IBOVESPA
18.03.2020,66.895,1074,IBOVESPA
17.03.2020,74.617,1075,IBOVESPA
16.03.2020,71.168,1076,IBOVESPA
13.03.2020,82.678,1077,IBOVESPA
12.03.2020,72.583,1078,IBOVESPA
11.03.2020,85.171,1079,IBOVESPA
10.03.2020,92.214,1080,IBOVESPA
09.03.2020,86.067,1081,IBOVESPA
06.03.2020,97.997,1082,IBOVESPA
05.03.2020,102.233,1083,IBOVESPA
04.03.2020,107.224,1084,IBOVESPA
03.03.2020,105.537,1085,IBOVESPA
02.03.2020,106.625,1086,IBOVESPA
28.02.2020,104.172,1087,IBOVESPA
27.02.2020,102.984,1088,IBOVESPA
26.02.2020,105.718,1089,IBOVESPA
21.02.2020,113.681,1090,IBOVESPA
20.02.2020,114.586,1091,IBOVESPA
19.02.2020,116.518,1092,IBOVESPA
18.02.2020,114.977,1093,IBOVESPA
17.02.2020,115.309,1094,IBOVESPA
14.02.2020,114.381,1095,IBOVESPA
13.02.2020,115.662,1096,IBOVESPA
12.02.2020,116.674,1097,IBOVESPA
11.02.2020,115.371,1098,IBOVESPA
10.02.2020,112.57,1099,IBOVESPA
07.02.2020,113.77,1100,IBOVESPA
06.02.2020,115.19,1101,IBOVESPA
05.02.2020,116.028,1102,IBOVESPA
04.02.2020,115.557,1103,IBOVESPA
03.02.2020,114.629,1104,IBOVESPA
31.01.2020,113.761,1105,IBOVESPA
30.01.2020,115.528,1106,IBOVESPA
29.01.2020,115.385,1107,IBOVESPA
28.01.2020,116.479,1108,IBOVESPA
27.01.2020,114.482,1109,IBOVESPA
24.01.2020,118.376,1110,IBOVESPA
23.01.2020,119.528,1111,IBOVESPA
22.01.2020,118.391,1112,IBOVESPA
21.01.2020,117.026,1113,IBOVESPA
20.01.2020,118.862,1114,IBOVESPA
17.01.2020,118.478,1115,IBOVESPA
16.01.2020,116.704,1116,IBOVESPA
15.01.2020,116.414,1117,IBOVESPA
14.01.2020,117.632,1118,IBOVESPA
13.01.2020,117.325,1119,IBOVESPA
10.01.2020,115.503,1120,IBOVESPA
09.01.2020,115.947,1121,IBOVESPA
08.01.2020,116.247,1122,IBOVESPA
07.01.2020,116.662,1123,IBOVESPA
06.01.2020,116.878,1124,IBOVESPA
03.01.2020,117.707,1125,IBOVESPA
02.01.2020,118.573,1126,IBOVESPA
30.12.2019,115.645,1127,IBOVESPA
27.12.2019,116.534,1128,IBOVESPA
26.12.2019,117.203,1129,IBOVESPA
23.12.2019,115.863,1130,IBOVESPA
20.12.2019,115.121,1131,IBOVESPA
19.12.2019,115.131,1132,IBOVESPA
18.12.2019,114.315,1133,IBOVESPA
17.12.2019,112.616,1134,IBOVESPA
16.12.2019,111.896,1135,IBOVESPA
13.12.2019,112.565,1136,IBOVESPA
12.12.2019,112.2,1137,IBOVESPA
11.12.2019,110.964,1138,IBOVESPA
10.12.2019,110.672,1139,IBOVESPA
09.12.2019,110.977,1140,IBOVESPA
06.12.2019,111.126,1141,IBOVESPA
05.12.2019,110.622,1142,IBOVESPA
04.12.2019,110.301,1143,IBOVESPA
03.12.2019,108.956,1144,IBOVESPA
02.12.2019,108.928,1145,IBOVESPA
29.11.2019,108.233,1146,IBOVESPA
28.11.2019,108.29,1147,IBOVESPA
27.11.2019,107.708,1148,IBOVESPA
26.11.2019,107.059,1149,IBOVESPA
25.11.2019,108.424,1150,IBOVESPA
22.11.2019,108.692,1151,IBOVESPA
21.11.2019,107.497,1152,IBOVESPA
19.11.2019,105.864,1153,IBOVESPA
18.11.2019,106.269,1154,IBOVESPA
14.11.2019,106.557,1155,IBOVESPA
13.11.2019,106.06,1156,IBOVESPA
12.11.2019,106.751,1157,IBOVESPA
11.11.2019,108.367,1158,IBOVESPA
08.11.2019,107.629,1159,IBOVESPA
07.11.2019,109.581,1160,IBOVESPA
06.11.2019,108.36,1161,IBOVESPA
05.11.2019,108.719,1162,IBOVESPA
04.11.2019,108.779,1163,IBOVESPA
01.11.2019,108.196,1164,IBOVESPA
31.10.2019,107.22,1165,IBOVESPA
30.10.2019,108.408,1166,IBOVESPA
29.10.2019,107.556,1167,IBOVESPA
28.10.2019,108.187,1168,IBOVESPA
25.10.2019,107.364,1169,IBOVESPA
24.10.2019,106.986,1170,IBOVESPA
23.10.2019,107.544,1171,IBOVESPA
22.10.2019,107.381,1172,IBOVESPA
21.10.2019,106.022,1173,IBOVESPA
18.10.2019,104.729,1174,IBOVESPA
17.10.2019,105.016,1175,IBOVESPA
16.10.2019,105.423,1176,IBOVESPA
15.10.2019,104.49,1177,IBOVESPA
14.10.2019,104.302,1178,IBOVESPA
11.10.2019,103.832,1179,IBOVESPA
10.10.2019,101.817,1180,IBOVESPA
09.10.2019,101.249,1181,IBOVESPA
08.10.2019,99.981,1182,IBOVESPA
07.10.2019,100.573,1183,IBOVESPA
04.10.2019,102.551,1184,IBOVESPA
03.10.2019,101.516,1185,IBOVESPA
02.10.2019,101.031,1186,IBOVESPA
01.10.2019,104.053,1187,IBOVESPA
30.09.2019,104.745,1188,IBOVESPA
27.09.2019,105.078,1189,IBOVESPA
26.09.2019,105.319,1190,IBOVESPA
25.09.2019,104.481,1191,IBOVESPA
24.09.2019,103.876,1192,IBOVESPA
23.09.2019,104.638,1193,IBOVESPA
20.09.2019,104.817,1194,IBOVESPA
19.09.2019,104.339,1195,IBOVESPA
18.09.2019,104.532,1196,IBOVESPA
17.09.2019,104.617,1197,IBOVESPA
16.09.2019,103.68,1198,IBOVESPA
13.09.2019,103.501,1199,IBOVESPA
12.09.2019,104.371,1200,IBOVESPA
11.09.2019,103.446,1201,IBOVESPA
10.09.2019,103.032,1202,IBOVESPA
09.09.2019,103.181,1203,IBOVESPA
06.09.2019,102.935,1204,IBOVESPA
05.09.2019,102.243,1205,IBOVESPA
04.09.2019,101.201,1206,IBOVESPA
03.09.2019,99.681,1207,IBOVESPA
02.09.2019,100.626,1208,IBOVESPA
30.08.2019,101.135,1209,IBOVESPA
29.08.2019,100.524,1210,IBOVESPA
28.08.2019,98.194,1211,IBOVESPA
27.08.2019,97.276,1212,IBOVESPA
26.08.2019,96.43,1213,IBOVESPA
23.08.2019,97.667,1214,IBOVESPA
22.08.2019,100.011,1215,IBOVESPA
21.08.2019,101.202,1216,IBOVESPA
20.08.2019,99.222,1217,IBOVESPA
19.08.2019,99.469,1218,IBOVESPA
16.08.2019,99.806,1219,IBOVESPA
15.08.2019,99.057,1220,IBOVESPA
14.08.2019,100.258,1221,IBOVESPA
13.08.2019,103.299,1222,IBOVESPA
12.08.2019,101.915,1223,IBOVESPA
09.08.2019,103.996,1224,IBOVESPA
08.08.2019,104.115,1225,IBOVESPA
07.08.2019,102.782,1226,IBOVESPA
06.08.2019,102.164,1227,IBOVESPA
05.08.2019,100.098,1228,IBOVESPA
02.08.2019,102.674,1229,IBOVESPA
01.08.2019,102.126,1230,IBOVESPA
31.07.2019,101.812,1231,IBOVESPA
30.07.2019,102.933,1232,IBOVESPA
29.07.2019,103.483,1233,IBOVESPA
26.07.2019,102.819,1234,IBOVESPA
25.07.2019,102.655,1235,IBOVESPA
24.07.2019,104.12,1236,IBOVESPA
23.07.2019,103.704,1237,IBOVESPA
22.07.2019,103.949,1238,IBOVESPA
19.07.2019,103.452,1239,IBOVESPA
18.07.2019,104.717,1240,IBOVESPA
17.07.2019,103.856,1241,IBOVESPA
16.07.2019,103.775,1242,IBOVESPA
15.07.2019,103.803,1243,IBOVESPA
12.07.2019,103.906,1244,IBOVESPA
11.07.2019,105.146,1245,IBOVESPA
10.07.2019,105.817,1246,IBOVESPA
08.07.2019,104.53,1247,IBOVESPA
05.07.2019,104.089,1248,IBOVESPA
04.07.2019,103.636,1249,IBOVESPA
03.07.2019,102.043,1250,IBOVESPA
02.07.2019,100.605,1251,IBOVESPA
01.07.2019,101.34,1252,IBOVESPA
28.06.2019,100.967,1253,IBOVESPA
27.06.2019,100.724,1254,IBOVESPA
26.06.2019,100.689,1255,IBOVESPA
25.06.2019,100.093,1256,IBOVESPA
24.06.2019,102.062,1257,IBOVESPA
21.06.2019,102.013,1258,IBOVESPA
19.06.2019,100.303,1259,IBOVESPA
18.06.2019,99.404,1260,IBOVESPA
17.06.2019,97.623,1261,IBOVESPA
14.06.2019,98.04,1262,IBOVESPA
13.06.2019,98.774,1263,IBOVESPA
12.06.2019,98.321,1264,IBOVESPA
11.06.2019,98.96,1265,IBOVESPA
10.06.2019,97.467,1266,IBOVESPA
07.06.2019,97.821,1267,IBOVESPA
06.06.2019,97.205,1268,IBOVESPA
05.06.2019,95.999,1269,IBOVESPA
04.06.2019,97.38,1270,IBOVESPA
03.06.2019,97.02,1271,IBOVESPA
31.05.2019,97.03,1272,IBOVESPA
30.05.2019,97.457,1273,IBOVESPA
29.05.2019,96.567,1274,IBOVESPA
28.05.2019,96.393,1275,IBOVESPA
27.05.2019,94.864,1276,IBOVESPA
24.05.2019,93.628,1277,IBOVESPA
23.05.2019,93.91,1278,IBOVESPA
22.05.2019,94.361,1279,IBOVESPA
21.05.2019,94.485,1280,IBOVESPA
20.05.2019,91.946,1281,IBOVESPA
17.05.2019,89.993,1282,IBOVESPA
16.05.2019,90.024,1283,IBOVESPA
15.05.2019,91.623,1284,IBOVESPA
14.05.2019,92.092,1285,IBOVESPA
13.05.2019,91.727,1286,IBOVESPA
10.05.2019,94.258,1287,IBOVESPA
09.05.2019,94.808,1288,IBOVESPA
08.05.2019,95.597,1289,IBOVESPA
07.05.2019,94.389,1290,IBOVESPA
06.05.2019,95.009,1291,IBOVESPA
03.05.2019,96.008,1292,IBOVESPA
02.05.2019,95.528,1293,IBOVESPA
30.04.2019,96.353,1294,IBOVESPA
29.04.2019,96.188,1295,IBOVESPA
26.04.2019,96.236,1296,IBOVESPA
25.04.2019,96.552,1297,IBOVESPA
24.04.2019,95.045,1298,IBOVESPA
23.04.2019,95.923,1299,IBOVESPA
22.04.2019,94.588,1300,IBOVESPA
18.04.2019,94.578,1301,IBOVESPA
17.04.2019,93.285,1302,IBOVESPA
16.04.2019,94.333,1303,IBOVESPA
15.04.2019,93.083,1304,IBOVESPA
12.04.2019,92.875,1305,IBOVESPA
11.04.2019,94.755,1306,IBOVESPA
10.04.2019,95.953,1307,IBOVESPA
09.04.2019,96.292,1308,IBOVESPA
08.04.2019,97.369,1309,IBOVESPA
05.04.2019,97.108,1310,IBOVESPA
04.04.2019,96.313,1311,IBOVESPA
03.04.2019,94.491,1312,IBOVESPA
02.04.2019,95.387,1313,IBOVESPA
01.04.2019,96.054,1314,IBOVESPA
29.03.2019,95.415,1315,IBOVESPA
28.03.2019,94.389,1316,IBOVESPA
27.03.2019,91.903,1317,IBOVESPA
26.03.2019,95.307,1318,IBOVESPA
25.03.2019,93.662,1319,IBOVESPA
22.03.2019,93.735,1320,IBOVESPA
21.03.2019,96.729,1321,IBOVESPA
20.03.2019,98.041,1322,IBOVESPA
19.03.2019,99.588,1323,IBOVESPA
18.03.2019,99.994,1324,IBOVESPA
15.03.2019,99.137,1325,IBOVESPA
14.03.2019,98.605,1326,IBOVESPA
13.03.2019,98.904,1327,IBOVESPA
12.03.2019,97.828,1328,IBOVESPA
11.03.2019,98.027,1329,IBOVESPA
08.03.2019,95.365,1330,IBOVESPA
07.03.2019,94.34,1331,IBOVESPA
06.03.2019,94.217,1332,IBOVESPA
01.03.2019,94.604,1333,IBOVESPA
28.02.2019,95.584,1334,IBOVESPA
27.02.2019,97.307,1335,IBOVESPA
26.02.2019,97.602,1336,IBOVESPA
25.02.2019,97.24,1337,IBOVESPA
22.02.2019,97.886,1338,IBOVESPA
21.02.2019,96.932,1339,IBOVESPA
20.02.2019,96.545,1340,IBOVESPA
19.02.2019,97.659,1341,IBOVESPA
18.02.2019,96.51,1342,IBOVESPA
15.02.2019,97.526,1343,IBOVESPA
14.02.2019,98.015,1344,IBOVESPA
13.02.2019,95.842,1345,IBOVESPA
12.02.2019,96.168,1346,IBOVESPA
11.02.2019,94.413,1347,IBOVESPA
08.02.2019,95.343,1348,IBOVESPA
07.02.2019,94.406,1349,IBOVESPA
06.02.2019,94.636,1350,IBOVESPA
05.02.2019,98.311,1351,IBOVESPA
04.02.2019,98.589,1352,IBOVESPA
01.02.2019,97.861,1353,IBOVESPA
31.01.2019,97.394,1354,IBOVESPA
30.01.2019,96.996,1355,IBOVESPA
29.01.2019,95.639,1356,IBOVESPA
28.01.2019,95.444,1357,IBOVESPA
24.01.2019,97.677,1358,IBOVESPA
23.01.2019,96.558,1359,IBOVESPA
22.01.2019,95.103,1360,IBOVESPA
21.01.2019,96.01,1361,IBOVESPA
18.01.2019,96.097,1362,IBOVESPA
17.01.2019,95.351,1363,IBOVESPA
16.01.2019,94.393,1364,IBOVESPA
15.01.2019,94.056,1365,IBOVESPA
14.01.2019,94.474,1366,IBOVESPA
11.01.2019,93.658,1367,IBOVESPA
10.01.2019,93.806,1368,IBOVESPA
09.01.2019,93.613,1369,IBOVESPA
08.01.2019,92.032,1370,IBOVESPA
07.01.2019,91.699,1371,IBOVESPA
04.01.2019,91.841,1372,IBOVESPA
03.01.2019,91.564,1373,IBOVESPA
02.01.2019,91.012,1374,IBOVESPA
28.12.2018,87.887,1375,IBOVESPA
27.12.2018,85.46,1376,IBOVESPA
26.12.2018,85.136,1377,IBOVESPA
21.12.2018,85.697,1378,IBOVESPA
20.12.2018,85.269,1379,IBOVESPA
19.12.2018,85.674,1380,IBOVESPA
18.12.2018,86.61,1381,IBOVESPA
17.12.2018,86.4,1382,IBOVESPA
14.12.2018,87.45,1383,IBOVESPA
13.12.2018,87.838,1384,IBOVESPA
12.12.2018,86.977,1385,IBOVESPA
11.12.2018,86.42,1386,IBOVESPA
10.12.2018,85.915,1387,IBOVESPA
07.12.2018,88.115,1388,IBOVESPA
06.12.2018,88.846,1389,IBOVESPA
05.12.2018,89.04,1390,IBOVESPA
04.12.2018,88.624,1391,IBOVESPA
03.12.2018,89.82,1392,IBOVESPA
30.11.2018,89.504,1393,IBOVESPA
29.11.2018,89.71,1394,IBOVESPA
28.11.2018,89.251,1395,IBOVESPA
27.11.2018,87.891,1396,IBOVESPA
26.11.2018,85.547,1397,IBOVESPA
23.11.2018,86.23,1398,IBOVESPA
22.11.2018,87.477,1399,IBOVESPA
21.11.2018,87.269,1400,IBOVESPA
19.11.2018,87.901,1401,IBOVESPA
16.11.2018,88.515,1402,IBOVESPA
14.11.2018,85.973,1403,IBOVESPA
13.11.2018,84.914,1404,IBOVESPA
12.11.2018,85.525,1405,IBOVESPA
09.11.2018,85.641,1406,IBOVESPA
08.11.2018,85.62,1407,IBOVESPA
07.11.2018,87.714,1408,IBOVESPA
06.11.2018,88.669,1409,IBOVESPA
05.11.2018,89.598,1410,IBOVESPA
01.11.2018,88.419,1411,IBOVESPA
31.10.2018,87.424,1412,IBOVESPA
30.10.2018,86.886,1413,IBOVESPA
29.10.2018,83.797,1414,IBOVESPA
26.10.2018,85.72,1415,IBOVESPA
25.10.2018,84.084,1416,IBOVESPA
24.10.2018,83.064,1417,IBOVESPA
23.10.2018,85.3,1418,IBOVESPA
22.10.2018,85.597,1419,IBOVESPA
19.10.2018,84.22,1420,IBOVESPA
18.10.2018,83.847,1421,IBOVESPA
17.10.2018,85.764,1422,IBOVESPA
16.10.2018,85.718,1423,IBOVESPA
15.10.2018,83.36,1424,IBOVESPA
11.10.2018,82.921,1425,IBOVESPA
10.10.2018,83.679,1426,IBOVESPA
09.10.2018,86.088,1427,IBOVESPA
08.10.2018,86.084,1428,IBOVESPA
05.10.2018,82.322,1429,IBOVESPA
04.10.2018,82.953,1430,IBOVESPA
03.10.2018,83.273,1431,IBOVESPA
02.10.2018,81.612,1432,IBOVESPA
01.10.2018,78.624,1433,IBOVESPA
28.09.2018,79.342,1434,IBOVESPA
27.09.2018,80,1435,IBOVESPA
26.09.2018,78.656,1436,IBOVESPA
25.09.2018,78.63,1437,IBOVESPA
24.09.2018,77.984,1438,IBOVESPA
21.09.2018,79.444,1439,IBOVESPA
20.09.2018,78.116,1440,IBOVESPA
19.09.2018,78.169,1441,IBOVESPA
18.09.2018,78.314,1442,IBOVESPA
17.09.2018,76.789,1443,IBOVESPA
14.09.2018,75.429,1444,IBOVESPA
13.09.2018,74.687,1445,IBOVESPA
12.09.2018,75.125,1446,IBOVESPA
11.09.2018,74.657,1447,IBOVESPA
10.09.2018,76.436,1448,IBOVESPA
06.09.2018,76.416,1449,IBOVESPA
05.09.2018,75.092,1450,IBOVESPA
04.09.2018,74.712,1451,IBOVESPA
03.09.2018,76.193,1452,IBOVESPA
31.08.2018,76.678,1453,IBOVESPA
30.08.2018,76.404,1454,IBOVESPA
29.08.2018,78.389,1455,IBOVESPA
28.08.2018,77.473,1456,IBOVESPA
27.08.2018,77.93,1457,IBOVESPA
24.08.2018,76.262,1458,IBOVESPA
23.08.2018,75.634,1459,IBOVESPA
22.08.2018,76.902,1460,IBOVESPA
21.08.2018,75.18,1461,IBOVESPA
20.08.2018,76.328,1462,IBOVESPA
17.08.2018,76.028,1463,IBOVESPA
16.08.2018,76.819,1464,IBOVESPA
15.08.2018,77.078,1465,IBOVESPA
14.08.2018,78.602,1466,IBOVESPA
13.08.2018,77.496,1467,IBOVESPA
10.08.2018,76.514,1468,IBOVESPA
09.08.2018,78.768,1469,IBOVESPA
08.08.2018,79.152,1470,IBOVESPA
07.08.2018,80.347,1471,IBOVESPA
06.08.2018,81.051,1472,IBOVESPA
03.08.2018,81.435,1473,IBOVESPA
02.08.2018,79.637,1474,IBOVESPA
01.08.2018,79.302,1475,IBOVESPA
31.07.2018,79.22,1476,IBOVESPA
30.07.2018,80.276,1477,IBOVESPA
27.07.2018,79.866,1478,IBOVESPA
26.07.2018,79.405,1479,IBOVESPA
25.07.2018,80.218,1480,IBOVESPA
24.07.2018,79.155,1481,IBOVESPA
23.07.2018,77.996,1482,IBOVESPA
20.07.2018,78.571,1483,IBOVESPA
19.07.2018,77.487,1484,IBOVESPA
18.07.2018,77.363,1485,IBOVESPA
17.07.2018,78.13,1486,IBOVESPA
16.07.2018,76.653,1487,IBOVESPA
13.07.2018,76.594,1488,IBOVESPA
12.07.2018,75.856,1489,IBOVESPA
11.07.2018,74.399,1490,IBOVESPA
10.07.2018,74.862,1491,IBOVESPA
06.07.2018,75.01,1492,IBOVESPA
05.07.2018,74.553,1493,IBOVESPA
04.07.2018,74.743,1494,IBOVESPA
03.07.2018,73.668,1495,IBOVESPA
02.07.2018,72.84,1496,IBOVESPA
29.06.2018,72.763,1497,IBOVESPA
28.06.2018,71.767,1498,IBOVESPA
27.06.2018,70.609,1499,IBOVESPA
26.06.2018,71.405,1500,IBOVESPA
25.06.2018,70.953,1501,IBOVESPA
22.06.2018,70.641,1502,IBOVESPA
21.06.2018,70.075,1503,IBOVESPA
20.06.2018,72.123,1504,IBOVESPA
19.06.2018,71.394,1505,IBOVESPA
18.06.2018,69.815,1506,IBOVESPA
15.06.2018,70.758,1507,IBOVESPA
14.06.2018,71.421,1508,IBOVESPA
13.06.2018,72.122,1509,IBOVESPA
12.06.2018,72.754,1510,IBOVESPA
11.06.2018,72.308,1511,IBOVESPA
08.06.2018,72.942,1512,IBOVESPA
07.06.2018,73.851,1513,IBOVESPA
06.06.2018,76.117,1514,IBOVESPA
05.06.2018,76.642,1515,IBOVESPA
04.06.2018,78.596,1516,IBOVESPA
01.06.2018,77.24,1517,IBOVESPA
30.05.2018,76.754,1518,IBOVESPA
29.05.2018,76.072,1519,IBOVESPA
28.05.2018,75.356,1520,IBOVESPA
25.05.2018,78.898,1521,IBOVESPA
24.05.2018,80.122,1522,IBOVESPA
23.05.2018,80.867,1523,IBOVESPA
22.05.2018,82.739,1524,IBOVESPA
21.05.2018,81.815,1525,IBOVESPA
18.05.2018,83.082,1526,IBOVESPA
17.05.2018,83.622,1527,IBOVESPA
16.05.2018,86.537,1528,IBOVESPA
15.05.2018,85.13,1529,IBOVESPA
14.05.2018,85.232,1530,IBOVESPA
11.05.2018,85.22,1531,IBOVESPA
10.05.2018,85.861,1532,IBOVESPA
09.05.2018,84.265,1533,IBOVESPA
08.05.2018,82.956,1534,IBOVESPA
07.05.2018,82.714,1535,IBOVESPA
04.05.2018,83.118,1536,IBOVESPA
03.05.2018,83.288,1537,IBOVESPA
02.05.2018,84.547,1538,IBOVESPA
30.04.2018,86.115,1539,IBOVESPA
27.04.2018,86.445,1540,IBOVESPA
26.04.2018,86.383,1541,IBOVESPA
25.04.2018,85.044,1542,IBOVESPA
24.04.2018,85.469,1543,IBOVESPA
23.04.2018,85.602,1544,IBOVESPA
20.04.2018,85.55,1545,IBOVESPA
19.04.2018,85.824,1546,IBOVESPA
18.04.2018,85.776,1547,IBOVESPA
17.04.2018,84.086,1548,IBOVESPA
16.04.2018,82.862,1549,IBOVESPA
13.04.2018,84.334,1550,IBOVESPA
12.04.2018,85.444,1551,IBOVESPA
11.04.2018,85.246,1552,IBOVESPA
10.04.2018,84.51,1553,IBOVESPA
09.04.2018,83.307,1554,IBOVESPA
06.04.2018,84.82,1555,IBOVESPA
05.04.2018,85.21,1556,IBOVESPA
04.04.2018,84.36,1557,IBOVESPA
03.04.2018,84.623,1558,IBOVESPA
02.04.2018,84.666,1559,IBOVESPA
29.03.2018,85.366,1560,IBOVESPA
28.03.2018,83.874,1561,IBOVESPA
27.03.2018,83.808,1562,IBOVESPA
26.03.2018,85.088,1563,IBOVESPA
23.03.2018,84.377,1564,IBOVESPA
22.03.2018,84.768,1565,IBOVESPA
21.03.2018,84.977,1566,IBOVESPA
20.03.2018,84.164,1567,IBOVESPA
19.03.2018,83.913,1568,IBOVESPA
16.03.2018,84.886,1569,IBOVESPA
15.03.2018,84.928,1570,IBOVESPA
14.03.2018,86.051,1571,IBOVESPA
13.03.2018,86.384,1572,IBOVESPA
12.03.2018,86.9,1573,IBOVESPA
09.03.2018,86.371,1574,IBOVESPA
08.03.2018,84.985,1575,IBOVESPA
07.03.2018,85.484,1576,IBOVESPA
06.03.2018,85.653,1577,IBOVESPA
05.03.2018,86.023,1578,IBOVESPA
02.03.2018,85.761,1579,IBOVESPA
01.03.2018,85.378,1580,IBOVESPA
28.02.2018,85.354,1581,IBOVESPA
27.02.2018,86.935,1582,IBOVESPA
26.02.2018,87.653,1583,IBOVESPA
23.02.2018,87.293,1584,IBOVESPA
22.02.2018,86.686,1585,IBOVESPA
21.02.2018,86.052,1586,IBOVESPA
20.02.2018,85.804,1587,IBOVESPA
19.02.2018,84.793,1588,IBOVESPA
16.02.2018,84.525,1589,IBOVESPA
15.02.2018,84.291,1590,IBOVESPA
14.02.2018,83.543,1591,IBOVESPA
09.02.2018,80.899,1592,IBOVESPA
08.02.2018,81.533,1593,IBOVESPA
07.02.2018,82.767,1594,IBOVESPA
06.02.2018,83.894,1595,IBOVESPA
05.02.2018,81.861,1596,IBOVESPA
02.02.2018,84.041,1597,IBOVESPA
01.02.2018,85.495,1598,IBOVESPA
31.01.2018,84.913,1599,IBOVESPA
30.01.2018,84.482,1600,IBOVESPA
29.01.2018,84.698,1601,IBOVESPA
26.01.2018,85.531,1602,IBOVESPA
24.01.2018,83.68,1603,IBOVESPA
23.01.2018,80.678,1604,IBOVESPA
22.01.2018,81.675,1605,IBOVESPA
19.01.2018,81.22,1606,IBOVESPA
18.01.2018,80.963,1607,IBOVESPA
17.01.2018,81.189,1608,IBOVESPA
16.01.2018,79.832,1609,IBOVESPA
15.01.2018,79.752,1610,IBOVESPA
12.01.2018,79.349,1611,IBOVESPA
11.01.2018,79.365,1612,IBOVESPA
10.01.2018,78.201,1613,IBOVESPA
09.01.2018,78.864,1614,IBOVESPA
08.01.2018,79.379,1615,IBOVESPA
05.01.2018,79.071,1616,IBOVESPA
04.01.2018,78.647,1617,IBOVESPA
03.01.2018,77.995,1618,IBOVESPA
02.01.2018,77.891,1619,IBOVESPA
28.12.2017,76.402,1620,IBOVESPA
27.12.2017,76.073,1621,IBOVESPA
26.12.2017,75.708,1622,IBOVESPA
22.12.2017,75.187,1623,IBOVESPA
21.12.2017,75.133,1624,IBOVESPA
20.12.2017,73.367,1625,IBOVESPA
19.12.2017,72.68,1626,IBOVESPA
18.12.2017,73.115,1627,IBOVESPA
15.12.2017,72.608,1628,IBOVESPA
14.12.2017,72.429,1629,IBOVESPA
13.12.2017,72.914,1630,IBOVESPA
12.12.2017,73.814,1631,IBOVESPA
11.12.2017,72.8,1632,IBOVESPA
08.12.2017,72.732,1633,IBOVESPA
07.12.2017,72.487,1634,IBOVESPA
06.12.2017,73.268,1635,IBOVESPA
05.12.2017,72.546,1636,IBOVESPA
04.12.2017,73.09,1637,IBOVESPA
01.12.2017,72.264,1638,IBOVESPA
30.11.2017,71.971,1639,IBOVESPA
29.11.2017,72.7,1640,IBOVESPA
28.11.2017,74.14,1641,IBOVESPA
27.11.2017,74.059,1642,IBOVESPA
24.11.2017,74.157,1643,IBOVESPA
23.11.2017,74.487,1644,IBOVESPA
22.11.2017,74.519,1645,IBOVESPA
21.11.2017,74.595,1646,IBOVESPA
17.11.2017,73.437,1647,IBOVESPA
16.11.2017,72.512,1648,IBOVESPA
14.11.2017,70.827,1649,IBOVESPA
13.11.2017,72.475,1650,IBOVESPA
10.11.2017,72.166,1651,IBOVESPA
09.11.2017,72.931,1652,IBOVESPA
08.11.2017,74.363,1653,IBOVESPA
07.11.2017,72.415,1654,IBOVESPA
06.11.2017,74.311,1655,IBOVESPA
03.11.2017,73.915,1656,IBOVESPA
01.11.2017,73.824,1657,IBOVESPA
31.10.2017,74.308,1658,IBOVESPA
30.10.2017,74.8,1659,IBOVESPA
27.10.2017,75.976,1660,IBOVESPA
26.10.2017,75.896,1661,IBOVESPA
25.10.2017,76.671,1662,IBOVESPA
24.10.2017,76.35,1663,IBOVESPA
23.10.2017,75.413,1664,IBOVESPA
20.10.2017,76.391,1665,IBOVESPA
19.10.2017,76.283,1666,IBOVESPA
18.10.2017,76.591,1667,IBOVESPA
17.10.2017,76.201,1668,IBOVESPA
16.10.2017,76.892,1669,IBOVESPA
13.10.2017,76.99,1670,IBOVESPA
11.10.2017,76.66,1671,IBOVESPA
10.10.2017,76.897,1672,IBOVESPA
09.10.2017,75.727,1673,IBOVESPA
06.10.2017,76.055,1674,IBOVESPA
05.10.2017,76.618,1675,IBOVESPA
04.10.2017,76.591,1676,IBOVESPA
03.10.2017,76.763,1677,IBOVESPA
02.10.2017,74.36,1678,IBOVESPA
29.09.2017,74.294,1679,IBOVESPA
28.09.2017,73.567,1680,IBOVESPA
27.09.2017,73.797,1681,IBOVESPA
26.09.2017,74.319,1682,IBOVESPA
25.09.2017,74.443,1683,IBOVESPA
22.09.2017,75.39,1684,IBOVESPA
21.09.2017,75.604,1685,IBOVESPA
20.09.2017,76.004,1686,IBOVESPA
19.09.2017,75.974,1687,IBOVESPA
18.09.2017,75.99,1688,IBOVESPA
15.09.2017,75.757,1689,IBOVESPA
14.09.2017,74.657,1690,IBOVESPA
13.09.2017,74.788,1691,IBOVESPA
12.09.2017,74.539,1692,IBOVESPA
11.09.2017,74.319,1693,IBOVESPA
08.09.2017,73.079,1694,IBOVESPA
06.09.2017,73.412,1695,IBOVESPA
05.09.2017,72.151,1696,IBOVESPA
04.09.2017,72.129,1697,IBOVESPA
01.09.2017,71.923,1698,IBOVESPA
31.08.2017,70.835,1699,IBOVESPA
30.08.2017,70.886,1700,IBOVESPA
29.08.2017,71.33,1701,IBOVESPA
28.08.2017,71.017,1702,IBOVESPA
25.08.2017,71.074,1703,IBOVESPA
24.08.2017,71.133,1704,IBOVESPA
23.08.2017,70.478,1705,IBOVESPA
22.08.2017,70.011,1706,IBOVESPA
21.08.2017,68.635,1707,IBOVESPA
18.08.2017,68.715,1708,IBOVESPA
17.08.2017,67.977,1709,IBOVESPA
16.08.2017,68.594,1710,IBOVESPA
15.08.2017,68.355,1711,IBOVESPA
14.08.2017,68.285,1712,IBOVESPA
11.08.2017,67.359,1713,IBOVESPA
10.08.2017,66.992,1714,IBOVESPA
09.08.2017,67.671,1715,IBOVESPA
08.08.2017,67.899,1716,IBOVESPA
07.08.2017,67.94,1717,IBOVESPA
04.08.2017,66.898,1718,IBOVESPA
03.08.2017,66.777,1719,IBOVESPA
02.08.2017,67.136,1720,IBOVESPA
01.08.2017,66.516,1721,IBOVESPA
31.07.2017,65.92,1722,IBOVESPA
28.07.2017,65.497,1723,IBOVESPA
27.07.2017,65.277,1724,IBOVESPA
26.07.2017,65.011,1725,IBOVESPA
25.07.2017,65.668,1726,IBOVESPA
24.07.2017,65.1,1727,IBOVESPA
21.07.2017,64.684,1728,IBOVESPA
20.07.2017,64.938,1729,IBOVESPA
19.07.2017,65.18,1730,IBOVESPA
18.07.2017,65.338,1731,IBOVESPA
17.07.2017,65.212,1732,IBOVESPA
14.07.2017,65.436,1733,IBOVESPA
13.07.2017,65.178,1734,IBOVESPA
12.07.2017,64.836,1735,IBOVESPA
11.07.2017,63.832,1736,IBOVESPA
10.07.2017,63.025,1737,IBOVESPA
07.07.2017,62.322,1738,IBOVESPA
06.07.2017,62.47,1739,IBOVESPA
05.07.2017,63.154,1740,IBOVESPA
04.07.2017,63.232,1741,IBOVESPA
03.07.2017,63.28,1742,IBOVESPA
30.06.2017,62.9,1743,IBOVESPA
29.06.2017,62.239,1744,IBOVESPA
28.06.2017,62.018,1745,IBOVESPA
27.06.2017,61.675,1746,IBOVESPA
26.06.2017,62.188,1747,IBOVESPA
23.06.2017,61.087,1748,IBOVESPA
22.06.2017,61.272,1749,IBOVESPA
21.06.2017,60.762,1750,IBOVESPA
20.06.2017,60.766,1751,IBOVESPA
19.06.2017,62.014,1752,IBOVESPA
16.06.2017,61.626,1753,IBOVESPA
14.06.2017,61.923,1754,IBOVESPA
13.06.2017,61.829,1755,IBOVESPA
12.06.2017,61.7,1756,IBOVESPA
09.06.2017,62.211,1757,IBOVESPA
08.06.2017,62.756,1758,IBOVESPA
07.06.2017,63.171,1759,IBOVESPA
06.06.2017,62.955,1760,IBOVESPA
05.06.2017,62.45,1761,IBOVESPA
02.06.2017,62.511,1762,IBOVESPA
01.06.2017,62.289,1763,IBOVESPA
31.05.2017,62.711,1764,IBOVESPA
30.05.2017,63.962,1765,IBOVESPA
29.05.2017,63.761,1766,IBOVESPA
26.05.2017,64.085,1767,IBOVESPA
25.05.2017,63.227,1768,IBOVESPA
24.05.2017,63.257,1769,IBOVESPA
23.05.2017,62.662,1770,IBOVESPA
22.05.2017,61.673,1771,IBOVESPA
19.05.2017,62.639,1772,IBOVESPA
18.05.2017,61.597,1773,IBOVESPA
17.05.2017,67.54,1774,IBOVESPA
16.05.2017,68.684,1775,IBOVESPA
15.05.2017,68.474,1776,IBOVESPA
12.05.2017,68.222,1777,IBOVESPA
11.05.2017,67.538,1778,IBOVESPA
10.05.2017,67.35,1779,IBOVESPA
09.05.2017,66.278,1780,IBOVESPA
08.05.2017,65.526,1781,IBOVESPA
05.05.2017,65.71,1782,IBOVESPA
04.05.2017,64.863,1783,IBOVESPA
03.05.2017,66.094,1784,IBOVESPA
02.05.2017,66.722,1785,IBOVESPA
28.04.2017,65.403,1786,IBOVESPA
27.04.2017,64.677,1787,IBOVESPA
26.04.2017,64.862,1788,IBOVESPA
25.04.2017,65.148,1789,IBOVESPA
24.04.2017,64.389,1790,IBOVESPA
20.04.2017,63.761,1791,IBOVESPA
19.04.2017,63.407,1792,IBOVESPA
18.04.2017,64.159,1793,IBOVESPA
17.04.2017,64.335,1794,IBOVESPA
13.04.2017,62.826,1795,IBOVESPA
12.04.2017,63.892,1796,IBOVESPA
11.04.2017,64.36,1797,IBOVESPA
10.04.2017,64.65,1798,IBOVESPA
07.04.2017,64.593,1799,IBOVESPA
06.04.2017,64.223,1800,IBOVESPA
05.04.2017,64.775,1801,IBOVESPA
04.04.2017,65.769,1802,IBOVESPA
03.04.2017,65.211,1803,IBOVESPA
31.03.2017,64.984,1804,IBOVESPA
30.03.2017,65.266,1805,IBOVESPA
29.03.2017,65.528,1806,IBOVESPA
28.03.2017,64.64,1807,IBOVESPA
27.03.2017,64.308,1808,IBOVESPA
24.03.2017,63.854,1809,IBOVESPA
23.03.2017,63.531,1810,IBOVESPA
22.03.2017,63.521,1811,IBOVESPA
21.03.2017,62.98,1812,IBOVESPA
20.03.2017,64.884,1813,IBOVESPA
17.03.2017,64.21,1814,IBOVESPA
16.03.2017,65.783,1815,IBOVESPA
15.03.2017,66.235,1816,IBOVESPA
14.03.2017,64.699,1817,IBOVESPA
13.03.2017,65.534,1818,IBOVESPA
10.03.2017,64.675,1819,IBOVESPA
09.03.2017,64.585,1820,IBOVESPA
08.03.2017,64.718,1821,IBOVESPA
07.03.2017,65.742,1822,IBOVESPA
06.03.2017,66.341,1823,IBOVESPA
03.03.2017,66.786,1824,IBOVESPA
02.03.2017,65.855,1825,IBOVESPA
01.03.2017,66.989,1826,IBOVESPA
24.02.2017,66.662,1827,IBOVESPA
23.02.2017,67.461,1828,IBOVESPA
22.02.2017,68.59,1829,IBOVESPA
21.02.2017,69.052,1830,IBOVESPA
20.02.2017,68.533,1831,IBOVESPA
17.02.2017,67.748,1832,IBOVESPA
16.02.2017,67.814,1833,IBOVESPA
15.02.2017,67.976,1834,IBOVESPA
14.02.2017,66.713,1835,IBOVESPA
13.02.2017,66.968,1836,IBOVESPA
10.02.2017,66.125,1837,IBOVESPA
09.02.2017,64.965,1838,IBOVESPA
08.02.2017,64.835,1839,IBOVESPA
07.02.2017,64.199,1840,IBOVESPA
06.02.2017,63.993,1841,IBOVESPA
03.02.2017,64.954,1842,IBOVESPA
02.02.2017,64.578,1843,IBOVESPA
01.02.2017,64.836,1844,IBOVESPA
31.01.2017,64.671,1845,IBOVESPA
30.01.2017,64.302,1846,IBOVESPA
27.01.2017,66.034,1847,IBOVESPA
26.01.2017,66.191,1848,IBOVESPA
24.01.2017,65.84,1849,IBOVESPA
23.01.2017,65.749,1850,IBOVESPA
20.01.2017,64.521,1851,IBOVESPA
19.01.2017,63.951,1852,IBOVESPA
18.01.2017,64.15,1853,IBOVESPA
17.01.2017,64.354,1854,IBOVESPA
16.01.2017,63.831,1855,IBOVESPA
13.01.2017,63.652,1856,IBOVESPA
12.01.2017,63.954,1857,IBOVESPA
11.01.2017,62.446,1858,IBOVESPA
10.01.2017,62.132,1859,IBOVESPA
09.01.2017,61.7,1860,IBOVESPA
06.01.2017,61.665,1861,IBOVESPA
05.01.2017,62.071,1862,IBOVESPA
04.01.2017,61.589,1863,IBOVESPA
03.01.2017,61.814,1864,IBOVESPA
02.01.2017,59.589,1865,IBOVESPA
29.12.2016,60.227,1866,IBOVESPA
28.12.2016,59.782,1867,IBOVESPA
27.12.2016,58.697,1868,IBOVESPA
26.12.2016,58.62,1869,IBOVESPA
23.12.2016,57.937,1870,IBOVESPA
22.12.2016,57.255,1871,IBOVESPA
21.12.2016,57.647,1872,IBOVESPA
20.12.2016,57.583,1873,IBOVESPA
19.12.2016,57.111,1874,IBOVESPA
16.12.2016,58.389,1875,IBOVESPA
15.12.2016,58.396,1876,IBOVESPA
14.12.2016,58.212,1877,IBOVESPA
13.12.2016,59.281,1878,IBOVESPA
12.12.2016,59.179,1879,IBOVESPA
09.12.2016,60.501,1880,IBOVESPA
08.12.2016,60.677,1881,IBOVESPA
07.12.2016,61.414,1882,IBOVESPA
06.12.2016,61.088,1883,IBOVESPA
05.12.2016,59.832,1884,IBOVESPA
02.12.2016,60.316,1885,IBOVESPA
01.12.2016,59.507,1886,IBOVESPA
30.11.2016,61.906,1887,IBOVESPA
29.11.2016,60.987,1888,IBOVESPA
28.11.2016,62.855,1889,IBOVESPA
25.11.2016,61.559,1890,IBOVESPA
24.11.2016,61.396,1891,IBOVESPA
23.11.2016,61.986,1892,IBOVESPA
22.11.2016,61.954,1893,IBOVESPA
21.11.2016,61.07,1894,IBOVESPA
18.11.2016,59.962,1895,IBOVESPA
17.11.2016,59.77,1896,IBOVESPA
16.11.2016,60.759,1897,IBOVESPA
14.11.2016,59.657,1898,IBOVESPA
11.11.2016,59.184,1899,IBOVESPA
10.11.2016,61.201,1900,IBOVESPA
09.11.2016,63.258,1901,IBOVESPA
08.11.2016,64.158,1902,IBOVESPA
07.11.2016,64.052,1903,IBOVESPA
04.11.2016,61.598,1904,IBOVESPA
03.11.2016,61.75,1905,IBOVESPA
01.11.2016,63.326,1906,IBOVESPA
31.10.2016,64.925,1907,IBOVESPA
28.10.2016,64.308,1908,IBOVESPA
27.10.2016,64.25,1909,IBOVESPA
26.10.2016,63.826,1910,IBOVESPA
25.10.2016,63.866,1911,IBOVESPA
24.10.2016,64.06,1912,IBOVESPA
21.10.2016,64.108,1913,IBOVESPA
20.10.2016,63.838,1914,IBOVESPA
19.10.2016,63.506,1915,IBOVESPA
18.10.2016,63.782,1916,IBOVESPA
17.10.2016,62.696,1917,IBOVESPA
14.10.2016,61.767,1918,IBOVESPA
13.10.2016,61.119,1919,IBOVESPA
11.10.2016,61.022,1920,IBOVESPA
10.10.2016,61.668,1921,IBOVESPA
07.10.2016,61.109,1922,IBOVESPA
06.10.2016,60.644,1923,IBOVESPA
05.10.2016,60.254,1924,IBOVESPA
04.10.2016,59.339,1925,IBOVESPA
03.10.2016,59.461,1926,IBOVESPA
30.09.2016,58.367,1927,IBOVESPA
29.09.2016,58.351,1928,IBOVESPA
28.09.2016,59.356,1929,IBOVESPA
27.09.2016,58.382,1930,IBOVESPA
26.09.2016,58.054,1931,IBOVESPA
23.09.2016,58.697,1932,IBOVESPA
22.09.2016,58.994,1933,IBOVESPA
21.09.2016,58.394,1934,IBOVESPA
20.09.2016,57.736,1935,IBOVESPA
19.09.2016,57.35,1936,IBOVESPA
16.09.2016,57.08,1937,IBOVESPA
15.09.2016,57.909,1938,IBOVESPA
14.09.2016,57.059,1939,IBOVESPA
13.09.2016,56.821,1940,IBOVESPA
12.09.2016,58.586,1941,IBOVESPA
09.09.2016,58,1942,IBOVESPA
08.09.2016,60.232,1943,IBOVESPA
06.09.2016,60.129,1944,IBOVESPA
05.09.2016,59.566,1945,IBOVESPA
02.09.2016,59.616,1946,IBOVESPA
01.09.2016,58.236,1947,IBOVESPA
31.08.2016,57.901,1948,IBOVESPA
30.08.2016,58.575,1949,IBOVESPA
29.08.2016,58.61,1950,IBOVESPA
26.08.2016,57.716,1951,IBOVESPA
25.08.2016,57.722,1952,IBOVESPA
24.08.2016,57.718,1953,IBOVESPA
23.08.2016,58.02,1954,IBOVESPA
22.08.2016,57.781,1955,IBOVESPA
19.08.2016,59.099,1956,IBOVESPA
18.08.2016,59.166,1957,IBOVESPA
17.08.2016,59.324,1958,IBOVESPA
16.08.2016,58.855,1959,IBOVESPA
15.08.2016,59.146,1960,IBOVESPA
12.08.2016,58.298,1961,IBOVESPA
11.08.2016,58.3,1962,IBOVESPA
10.08.2016,56.92,1963,IBOVESPA
09.08.2016,57.689,1964,IBOVESPA
08.08.2016,57.635,1965,IBOVESPA
05.08.2016,57.661,1966,IBOVESPA
04.08.2016,57.594,1967,IBOVESPA
03.08.2016,57.077,1968,IBOVESPA
02.08.2016,56.162,1969,IBOVESPA
01.08.2016,56.756,1970,IBOVESPA
29.07.2016,57.308,1971,IBOVESPA
28.07.2016,56.667,1972,IBOVESPA
27.07.2016,56.853,1973,IBOVESPA
26.07.2016,56.783,1974,IBOVESPA
25.07.2016,56.873,1975,IBOVESPA
22.07.2016,57.002,1976,IBOVESPA
21.07.2016,56.641,1977,IBOVESPA
20.07.2016,56.578,1978,IBOVESPA
19.07.2016,56.698,1979,IBOVESPA
18.07.2016,56.484,1980,IBOVESPA
15.07.2016,55.578,1981,IBOVESPA
14.07.2016,55.481,1982,IBOVESPA
13.07.2016,54.598,1983,IBOVESPA
12.07.2016,54.256,1984,IBOVESPA
11.07.2016,53.96,1985,IBOVESPA
08.07.2016,53.141,1986,IBOVESPA
07.07.2016,52.015,1987,IBOVESPA
06.07.2016,51.902,1988,IBOVESPA
05.07.2016,51.842,1989,IBOVESPA
04.07.2016,52.569,1990,IBOVESPA
01.07.2016,52.233,1991,IBOVESPA
30.06.2016,51.527,1992,IBOVESPA
29.06.2016,51.002,1993,IBOVESPA
28.06.2016,50.007,1994,IBOVESPA
27.06.2016,49.246,1995,IBOVESPA
24.06.2016,50.105,1996,IBOVESPA
23.06.2016,51.56,1997,IBOVESPA
22.06.2016,50.156,1998,IBOVESPA
21.06.2016,50.838,1999,IBOVESPA
20.06.2016,50.329,2000,IBOVESPA
17.06.2016,49.534,2001,IBOVESPA
16.06.2016,49.412,2002,IBOVESPA
15.06.2016,48.915,2003,IBOVESPA
14.06.2016,48.648,2004,IBOVESPA
13.06.2016,49.661,2005,IBOVESPA
10.06.2016,49.422,2006,IBOVESPA
09.06.2016,51.118,2007,IBOVESPA
08.06.2016,51.629,2008,IBOVESPA
07.06.2016,50.488,2009,IBOVESPA
06.06.2016,50.432,2010,IBOVESPA
03.06.2016,50.619,2011,IBOVESPA
02.06.2016,49.887,2012,IBOVESPA
01.06.2016,49.013,2013,IBOVESPA
31.05.2016,48.472,2014,IBOVESPA
30.05.2016,48.964,2015,IBOVESPA
27.05.2016,49.051,2016,IBOVESPA
25.05.2016,49.483,2017,IBOVESPA
24.05.2016,49.345,2018,IBOVESPA
23.05.2016,49.33,2019,IBOVESPA
20.05.2016,49.723,2020,IBOVESPA
19.05.2016,50.133,2021,IBOVESPA
18.05.2016,50.562,2022,IBOVESPA
17.05.2016,50.839,2023,IBOVESPA
16.05.2016,51.803,2024,IBOVESPA
13.05.2016,51.804,2025,IBOVESPA
12.05.2016,53.241,2026,IBOVESPA
11.05.2016,52.764,2027,IBOVESPA
10.05.2016,53.071,2028,IBOVESPA
09.05.2016,50.99,2029,IBOVESPA
06.05.2016,51.718,2030,IBOVESPA
05.05.2016,51.671,2031,IBOVESPA
04.05.2016,52.553,2032,IBOVESPA
03.05.2016,52.26,2033,IBOVESPA
02.05.2016,53.562,2034,IBOVESPA
29.04.2016,53.911,2035,IBOVESPA
28.04.2016,54.312,2036,IBOVESPA
27.04.2016,54.478,2037,IBOVESPA
26.04.2016,53.083,2038,IBOVESPA
25.04.2016,51.862,2039,IBOVESPA
22.04.2016,52.908,2040,IBOVESPA
20.04.2016,53.631,2041,IBOVESPA
19.04.2016,53.71,2042,IBOVESPA
18.04.2016,52.894,2043,IBOVESPA
15.04.2016,53.228,2044,IBOVESPA
14.04.2016,52.411,2045,IBOVESPA
13.04.2016,53.15,2046,IBOVESPA
12.04.2016,52.002,2047,IBOVESPA
11.04.2016,50.165,2048,IBOVESPA
08.04.2016,50.293,2049,IBOVESPA
07.04.2016,48.513,2050,IBOVESPA
06.04.2016,48.096,2051,IBOVESPA
05.04.2016,49.054,2052,IBOVESPA
04.04.2016,48.78,2053,IBOVESPA
01.04.2016,50.562,2054,IBOVESPA
31.03.2016,50.055,2055,IBOVESPA
30.03.2016,51.249,2056,IBOVESPA
29.03.2016,51.155,2057,IBOVESPA
28.03.2016,50.838,2058,IBOVESPA
24.03.2016,49.657,2059,IBOVESPA
23.03.2016,49.69,2060,IBOVESPA
22.03.2016,51.01,2061,IBOVESPA
21.03.2016,51.172,2062,IBOVESPA
18.03.2016,50.815,2063,IBOVESPA
17.03.2016,50.914,2064,IBOVESPA
16.03.2016,47.763,2065,IBOVESPA
15.03.2016,47.13,2066,IBOVESPA
14.03.2016,48.867,2067,IBOVESPA
11.03.2016,49.639,2068,IBOVESPA
10.03.2016,49.571,2069,IBOVESPA
09.03.2016,48.665,2070,IBOVESPA
08.03.2016,49.102,2071,IBOVESPA
07.03.2016,49.246,2072,IBOVESPA
04.03.2016,49.085,2073,IBOVESPA
03.03.2016,47.193,2074,IBOVESPA
02.03.2016,44.893,2075,IBOVESPA
01.03.2016,44.122,2076,IBOVESPA
29.02.2016,42.794,2077,IBOVESPA
26.02.2016,41.593,2078,IBOVESPA
25.02.2016,41.888,2079,IBOVESPA
24.02.2016,42.085,2080,IBOVESPA
23.02.2016,42.521,2081,IBOVESPA
22.02.2016,43.235,2082,IBOVESPA
19.02.2016,41.543,2083,IBOVESPA
18.02.2016,41.478,2084,IBOVESPA
17.02.2016,41.631,2085,IBOVESPA
16.02.2016,40.948,2086,IBOVESPA
15.02.2016,40.093,2087,IBOVESPA
12.02.2016,39.808,2088,IBOVESPA
11.02.2016,39.318,2089,IBOVESPA
10.02.2016,40.377,2090,IBOVESPA
05.02.2016,40.592,2091,IBOVESPA
04.02.2016,40.822,2092,IBOVESPA
03.02.2016,39.589,2093,IBOVESPA
02.02.2016,38.596,2094,IBOVESPA
01.02.2016,40.57,2095,IBOVESPA
29.01.2016,40.406,2096,IBOVESPA
28.01.2016,38.63,2097,IBOVESPA
27.01.2016,38.376,2098,IBOVESPA
26.01.2016,37.497,2099,IBOVESPA
22.01.2016,38.031,2100,IBOVESPA
21.01.2016,37.717,2101,IBOVESPA
20.01.2016,37.645,2102,IBOVESPA
19.01.2016,38.057,2103,IBOVESPA
18.01.2016,37.937,2104,IBOVESPA
15.01.2016,38.569,2105,IBOVESPA
14.01.2016,39.5,2106,IBOVESPA
13.01.2016,38.944,2107,IBOVESPA
12.01.2016,39.514,2108,IBOVESPA
11.01.2016,39.95,2109,IBOVESPA
08.01.2016,40.612,2110,IBOVESPA
07.01.2016,40.695,2111,IBOVESPA
06.01.2016,41.773,2112,IBOVESPA
05.01.2016,42.419,2113,IBOVESPA
04.01.2016,42.141,2114,IBOVESPA
30.12.2015,43.35,2115,IBOVESPA
29.12.2015,43.654,2116,IBOVESPA
28.12.2015,43.764,2117,IBOVESPA
23.12.2015,44.015,2118,IBOVESPA
22.12.2015,43.47,2119,IBOVESPA
21.12.2015,43.2,2120,IBOVESPA
18.12.2015,43.911,2121,IBOVESPA
17.12.2015,45.261,2122,IBOVESPA
16.12.2015,45.016,2123,IBOVESPA
15.12.2015,44.872,2124,IBOVESPA
14.12.2015,44.747,2125,IBOVESPA
11.12.2015,45.263,2126,IBOVESPA
10.12.2015,45.631,2127,IBOVESPA
09.12.2015,46.108,2128,IBOVESPA
08.12.2015,44.443,2129,IBOVESPA
07.12.2015,45.223,2130,IBOVESPA
04.12.2015,45.361,2131,IBOVESPA
03.12.2015,46.393,2132,IBOVESPA
02.12.2015,44.915,2133,IBOVESPA
01.12.2015,45.047,2134,IBOVESPA
30.11.2015,45.12,2135,IBOVESPA
27.11.2015,45.873,2136,IBOVESPA
26.11.2015,47.146,2137,IBOVESPA
25.11.2015,46.867,2138,IBOVESPA
24.11.2015,48.284,2139,IBOVESPA
23.11.2015,48.15,2140,IBOVESPA
19.11.2015,48.139,2141,IBOVESPA
18.11.2015,47.436,2142,IBOVESPA
17.11.2015,47.248,2143,IBOVESPA
16.11.2015,46.847,2144,IBOVESPA
13.11.2015,46.517,2145,IBOVESPA
12.11.2015,46.884,2146,IBOVESPA
11.11.2015,47.065,2147,IBOVESPA
10.11.2015,46.207,2148,IBOVESPA
09.11.2015,46.195,2149,IBOVESPA
06.11.2015,46.919,2150,IBOVESPA
05.11.2015,48.047,2151,IBOVESPA
04.11.2015,47.71,2152,IBOVESPA
03.11.2015,48.054,2153,IBOVESPA
30.10.2015,45.869,2154,IBOVESPA
29.10.2015,45.628,2155,IBOVESPA
28.10.2015,46.741,2156,IBOVESPA
27.10.2015,47.043,2157,IBOVESPA
26.10.2015,47.209,2158,IBOVESPA
23.10.2015,47.597,2159,IBOVESPA
22.10.2015,47.772,2160,IBOVESPA
21.10.2015,47.026,2161,IBOVESPA
20.10.2015,47.077,2162,IBOVESPA
19.10.2015,47.447,2163,IBOVESPA
16.10.2015,47.236,2164,IBOVESPA
15.10.2015,47.161,2165,IBOVESPA
14.10.2015,46.71,2166,IBOVESPA
13.10.2015,47.363,2167,IBOVESPA
09.10.2015,49.338,2168,IBOVESPA
08.10.2015,49.107,2169,IBOVESPA
07.10.2015,48.914,2170,IBOVESPA
06.10.2015,47.735,2171,IBOVESPA
05.10.2015,47.598,2172,IBOVESPA
02.10.2015,47.033,2173,IBOVESPA
01.10.2015,45.313,2174,IBOVESPA
30.09.2015,45.059,2175,IBOVESPA
29.09.2015,44.132,2176,IBOVESPA
28.09.2015,43.957,2177,IBOVESPA
25.09.2015,44.831,2178,IBOVESPA
24.09.2015,45.292,2179,IBOVESPA
23.09.2015,45.34,2180,IBOVESPA
22.09.2015,46.265,2181,IBOVESPA
21.09.2015,46.59,2182,IBOVESPA
18.09.2015,47.264,2183,IBOVESPA
17.09.2015,48.551,2184,IBOVESPA
16.09.2015,48.553,2185,IBOVESPA
15.09.2015,47.364,2186,IBOVESPA
14.09.2015,47.282,2187,IBOVESPA
11.09.2015,46.401,2188,IBOVESPA
10.09.2015,46.504,2189,IBOVESPA
09.09.2015,46.657,2190,IBOVESPA
08.09.2015,46.762,2191,IBOVESPA
04.09.2015,46.498,2192,IBOVESPA
03.09.2015,47.366,2193,IBOVESPA
02.09.2015,46.464,2194,IBOVESPA
01.09.2015,45.477,2195,IBOVESPA
31.08.2015,46.626,2196,IBOVESPA
28.08.2015,47.154,2197,IBOVESPA
27.08.2015,47.715,2198,IBOVESPA
26.08.2015,46.038,2199,IBOVESPA
25.08.2015,44.545,2200,IBOVESPA
24.08.2015,44.336,2201,IBOVESPA
21.08.2015,45.72,2202,IBOVESPA
20.08.2015,46.649,2203,IBOVESPA
19.08.2015,46.588,2204,IBOVESPA
18.08.2015,47.451,2205,IBOVESPA
17.08.2015,47.217,2206,IBOVESPA
14.08.2015,47.508,2207,IBOVESPA
13.08.2015,48.01,2208,IBOVESPA
12.08.2015,48.388,2209,IBOVESPA
11.08.2015,49.072,2210,IBOVESPA
10.08.2015,49.353,2211,IBOVESPA
07.08.2015,48.577,2212,IBOVESPA
06.08.2015,50.011,2213,IBOVESPA
05.08.2015,50.287,2214,IBOVESPA
04.08.2015,50.058,2215,IBOVESPA
03.08.2015,50.138,2216,IBOVESPA
31.07.2015,50.865,2217,IBOVESPA
30.07.2015,49.897,2218,IBOVESPA
29.07.2015,50.245,2219,IBOVESPA
28.07.2015,49.602,2220,IBOVESPA
27.07.2015,48.736,2221,IBOVESPA
24.07.2015,49.246,2222,IBOVESPA
23.07.2015,49.807,2223,IBOVESPA
22.07.2015,50.916,2224,IBOVESPA
21.07.2015,51.474,2225,IBOVESPA
20.07.2015,51.6,2226,IBOVESPA
17.07.2015,52.342,2227,IBOVESPA
16.07.2015,53.07,2228,IBOVESPA
15.07.2015,52.902,2229,IBOVESPA
14.07.2015,53.239,2230,IBOVESPA
13.07.2015,53.119,2231,IBOVESPA
10.07.2015,52.591,2232,IBOVESPA
08.07.2015,51.782,2233,IBOVESPA
07.07.2015,52.344,2234,IBOVESPA
06.07.2015,52.149,2235,IBOVESPA
03.07.2015,52.519,2236,IBOVESPA
02.07.2015,53.106,2237,IBOVESPA
01.07.2015,52.758,2238,IBOVESPA
30.06.2015,53.081,2239,IBOVESPA
29.06.2015,53.014,2240,IBOVESPA
26.06.2015,54.017,2241,IBOVESPA
25.06.2015,53.176,2242,IBOVESPA
24.06.2015,53.843,2243,IBOVESPA
23.06.2015,53.772,2244,IBOVESPA
22.06.2015,53.864,2245,IBOVESPA
19.06.2015,53.749,2246,IBOVESPA
18.06.2015,54.239,2247,IBOVESPA
17.06.2015,53.249,2248,IBOVESPA
16.06.2015,53.702,2249,IBOVESPA
15.06.2015,53.138,2250,IBOVESPA
12.06.2015,53.348,2251,IBOVESPA
11.06.2015,53.689,2252,IBOVESPA
10.06.2015,53.876,2253,IBOVESPA
09.06.2015,52.816,2254,IBOVESPA
08.06.2015,52.81,2255,IBOVESPA
05.06.2015,52.973,2256,IBOVESPA
03.06.2015,53.523,2257,IBOVESPA
02.06.2015,54.236,2258,IBOVESPA
01.06.2015,53.031,2259,IBOVESPA
29.05.2015,52.76,2260,IBOVESPA
28.05.2015,53.976,2261,IBOVESPA
27.05.2015,54.236,2262,IBOVESPA
26.05.2015,53.63,2263,IBOVESPA
25.05.2015,54.609,2264,IBOVESPA
22.05.2015,54.377,2265,IBOVESPA
21.05.2015,55.112,2266,IBOVESPA
20.05.2015,54.901,2267,IBOVESPA
19.05.2015,55.499,2268,IBOVESPA
18.05.2015,56.204,2269,IBOVESPA
15.05.2015,57.249,2270,IBOVESPA
14.05.2015,56.657,2271,IBOVESPA
13.05.2015,56.372,2272,IBOVESPA
12.05.2015,56.792,2273,IBOVESPA
11.05.2015,57.197,2274,IBOVESPA
08.05.2015,57.149,2275,IBOVESPA
07.05.2015,56.921,2276,IBOVESPA
06.05.2015,57.103,2277,IBOVESPA
05.05.2015,58.052,2278,IBOVESPA
04.05.2015,57.354,2279,IBOVESPA
30.04.2015,56.229,2280,IBOVESPA
29.04.2015,55.325,2281,IBOVESPA
28.04.2015,55.812,2282,IBOVESPA
27.04.2015,55.534,2283,IBOVESPA
24.04.2015,56.594,2284,IBOVESPA
23.04.2015,55.685,2285,IBOVESPA
22.04.2015,54.617,2286,IBOVESPA
20.04.2015,53.761,2287,IBOVESPA
17.04.2015,53.955,2288,IBOVESPA
16.04.2015,54.674,2289,IBOVESPA
15.04.2015,54.919,2290,IBOVESPA
14.04.2015,53.982,2291,IBOVESPA
13.04.2015,54.24,2292,IBOVESPA
10.04.2015,54.214,2293,IBOVESPA
09.04.2015,53.803,2294,IBOVESPA
08.04.2015,53.661,2295,IBOVESPA
07.04.2015,53.729,2296,IBOVESPA
06.04.2015,53.737,2297,IBOVESPA
02.04.2015,53.123,2298,IBOVESPA
01.04.2015,52.322,2299,IBOVESPA
31.03.2015,51.15,2300,IBOVESPA
30.03.2015,51.243,2301,IBOVESPA
27.03.2015,50.095,2302,IBOVESPA
26.03.2015,50.58,2303,IBOVESPA
25.03.2015,51.858,2304,IBOVESPA
24.03.2015,51.506,2305,IBOVESPA
23.03.2015,51.908,2306,IBOVESPA
20.03.2015,51.967,2307,IBOVESPA
19.03.2015,50.954,2308,IBOVESPA
18.03.2015,51.526,2309,IBOVESPA
17.03.2015,50.285,2310,IBOVESPA
16.03.2015,48.848,2311,IBOVESPA
13.03.2015,48.596,2312,IBOVESPA
12.03.2015,48.88,2313,IBOVESPA
11.03.2015,48.906,2314,IBOVESPA
10.03.2015,48.293,2315,IBOVESPA
09.03.2015,49.181,2316,IBOVESPA
06.03.2015,49.981,2317,IBOVESPA
05.03.2015,50.365,2318,IBOVESPA
04.03.2015,50.468,2319,IBOVESPA
03.03.2015,51.304,2320,IBOVESPA
02.03.2015,51.021,2321,IBOVESPA
27.02.2015,51.583,2322,IBOVESPA
26.02.2015,51.761,2323,IBOVESPA
25.02.2015,51.811,2324,IBOVESPA
24.02.2015,51.874,2325,IBOVESPA
23.02.2015,51.281,2326,IBOVESPA
20.02.2015,51.238,2327,IBOVESPA
19.02.2015,51.294,2328,IBOVESPA
18.02.2015,51.28,2329,IBOVESPA
13.02.2015,50.636,2330,IBOVESPA
12.02.2015,49.533,2331,IBOVESPA
11.02.2015,48.24,2332,IBOVESPA
10.02.2015,48.51,2333,IBOVESPA
09.02.2015,49.383,2334,IBOVESPA
06.02.2015,48.792,2335,IBOVESPA
05.02.2015,49.234,2336,IBOVESPA
04.02.2015,49.301,2337,IBOVESPA
03.02.2015,48.964,2338,IBOVESPA
02.02.2015,47.651,2339,IBOVESPA
30.01.2015,46.908,2340,IBOVESPA
29.01.2015,47.762,2341,IBOVESPA
28.01.2015,47.695,2342,IBOVESPA
27.01.2015,48.591,2343,IBOVESPA
26.01.2015,48.577,2344,IBOVESPA
23.01.2015,48.775,2345,IBOVESPA
22.01.2015,49.443,2346,IBOVESPA
21.01.2015,49.224,2347,IBOVESPA
20.01.2015,47.877,2348,IBOVESPA
19.01.2015,47.758,2349,IBOVESPA
16.01.2015,49.017,2350,IBOVESPA
15.01.2015,48.026,2351,IBOVESPA
14.01.2015,47.646,2352,IBOVESPA
13.01.2015,48.042,2353,IBOVESPA
12.01.2015,48.14,2354,IBOVESPA
09.01.2015,48.84,2355,IBOVESPA
08.01.2015,49.943,2356,IBOVESPA
07.01.2015,49.463,2357,IBOVESPA
06.01.2015,48.001,2358,IBOVESPA
05.01.2015,47.517,2359,IBOVESPA
02.01.2015,48.512,2360,IBOVESPA
30.12.2014,50.007,2361,IBOVESPA
29.12.2014,50.594,2362,IBOVESPA
26.12.2014,50.145,2363,IBOVESPA
23.12.2014,50.89,2364,IBOVESPA
22.12.2014,50.121,2365,IBOVESPA
19.12.2014,49.651,2366,IBOVESPA
18.12.2014,48.496,2367,IBOVESPA
17.12.2014,48.714,2368,IBOVESPA
16.12.2014,47.008,2369,IBOVESPA
15.12.2014,47.019,2370,IBOVESPA
12.12.2014,48.002,2371,IBOVESPA
11.12.2014,49.862,2372,IBOVESPA
10.12.2014,49.548,2373,IBOVESPA
09.12.2014,50.193,2374,IBOVESPA
08.12.2014,50.274,2375,IBOVESPA
05.12.2014,51.993,2376,IBOVESPA
04.12.2014,51.427,2377,IBOVESPA
03.12.2014,52.32,2378,IBOVESPA
02.12.2014,51.612,2379,IBOVESPA
01.12.2014,52.277,2380,IBOVESPA
28.11.2014,54.724,2381,IBOVESPA
27.11.2014,54.721,2382,IBOVESPA
26.11.2014,55.098,2383,IBOVESPA
25.11.2014,55.561,2384,IBOVESPA
24.11.2014,55.407,2385,IBOVESPA
21.11.2014,56.084,2386,IBOVESPA
19.11.2014,53.403,2387,IBOVESPA
18.11.2014,52.062,2388,IBOVESPA
17.11.2014,51.257,2389,IBOVESPA
14.11.2014,51.772,2390,IBOVESPA
13.11.2014,51.846,2391,IBOVESPA
12.11.2014,52.979,2392,IBOVESPA
11.11.2014,52.474,2393,IBOVESPA
10.11.2014,52.725,2394,IBOVESPA
07.11.2014,53.223,2395,IBOVESPA
06.11.2014,52.637,2396,IBOVESPA
05.11.2014,53.698,2397,IBOVESPA
04.11.2014,54.384,2398,IBOVESPA
03.11.2014,53.947,2399,IBOVESPA
31.10.2014,54.629,2400,IBOVESPA
30.10.2014,52.337,2401,IBOVESPA
29.10.2014,51.049,2402,IBOVESPA
28.10.2014,52.33,2403,IBOVESPA
27.10.2014,50.504,2404,IBOVESPA
24.10.2014,51.941,2405,IBOVESPA
23.10.2014,50.713,2406,IBOVESPA
22.10.2014,52.411,2407,IBOVESPA
21.10.2014,52.432,2408,IBOVESPA
20.10.2014,54.303,2409,IBOVESPA
17.10.2014,55.724,2410,IBOVESPA
16.10.2014,54.298,2411,IBOVESPA
15.10.2014,56.135,2412,IBOVESPA
14.10.2014,58.015,2413,IBOVESPA
13.10.2014,57.957,2414,IBOVESPA
10.10.2014,55.312,2415,IBOVESPA
09.10.2014,57.268,2416,IBOVESPA
08.10.2014,57.058,2417,IBOVESPA
07.10.2014,57.436,2418,IBOVESPA
06.10.2014,57.116,2419,IBOVESPA
03.10.2014,54.54,2420,IBOVESPA
02.10.2014,53.519,2421,IBOVESPA
01.10.2014,52.858,2422,IBOVESPA
30.09.2014,54.116,2423,IBOVESPA
29.09.2014,54.625,2424,IBOVESPA
26.09.2014,57.212,2425,IBOVESPA
25.09.2014,55.962,2426,IBOVESPA
24.09.2014,56.824,2427,IBOVESPA
23.09.2014,56.54,2428,IBOVESPA
22.09.2014,56.818,2429,IBOVESPA
19.09.2014,57.789,2430,IBOVESPA
18.09.2014,58.374,2431,IBOVESPA
17.09.2014,59.108,2432,IBOVESPA
16.09.2014,59.115,2433,IBOVESPA
15.09.2014,57.949,2434,IBOVESPA
12.09.2014,56.928,2435,IBOVESPA
11.09.2014,58.337,2436,IBOVESPA
10.09.2014,58.199,2437,IBOVESPA
09.09.2014,58.676,2438,IBOVESPA
08.09.2014,59.193,2439,IBOVESPA
05.09.2014,60.682,2440,IBOVESPA
04.09.2014,60.8,2441,IBOVESPA
03.09.2014,61.837,2442,IBOVESPA
02.09.2014,61.896,2443,IBOVESPA
01.09.2014,61.141,2444,IBOVESPA
29.08.2014,61.288,2445,IBOVESPA
28.08.2014,60.291,2446,IBOVESPA
27.08.2014,60.951,2447,IBOVESPA
26.08.2014,59.821,2448,IBOVESPA
25.08.2014,59.735,2449,IBOVESPA
22.08.2014,58.407,2450,IBOVESPA
21.08.2014,58.992,2451,IBOVESPA
20.08.2014,58.878,2452,IBOVESPA
19.08.2014,58.449,2453,IBOVESPA
18.08.2014,57.561,2454,IBOVESPA
15.08.2014,56.964,2455,IBOVESPA
14.08.2014,55.78,2456,IBOVESPA
13.08.2014,55.581,2457,IBOVESPA
12.08.2014,56.442,2458,IBOVESPA
11.08.2014,56.613,2459,IBOVESPA
08.08.2014,55.573,2460,IBOVESPA
07.08.2014,56.188,2461,IBOVESPA
06.08.2014,56.487,2462,IBOVESPA
05.08.2014,56.202,2463,IBOVESPA
04.08.2014,56.616,2464,IBOVESPA
01.08.2014,55.903,2465,IBOVESPA
31.07.2014,55.829,2466,IBOVESPA
30.07.2014,56.878,2467,IBOVESPA
29.07.2014,57.119,2468,IBOVESPA
28.07.2014,57.696,2469,IBOVESPA
25.07.2014,57.821,2470,IBOVESPA
24.07.2014,57.978,2471,IBOVESPA
23.07.2014,57.42,2472,IBOVESPA
22.07.2014,57.983,2473,IBOVESPA
21.07.2014,57.634,2474,IBOVESPA
18.07.2014,57.013,2475,IBOVESPA
17.07.2014,55.638,2476,IBOVESPA
16.07.2014,55.717,2477,IBOVESPA
15.07.2014,55.974,2478,IBOVESPA
14.07.2014,55.744,2479,IBOVESPA
11.07.2014,54.786,2480,IBOVESPA
10.07.2014,54.593,2481,IBOVESPA
